,ID,promptID,prompt,english_prompt,german_word_count,english_word_count,topic,type,certainty,activations_en_named
0,20,1,Was kannst du mir zu dem Studiengang Architektur erzählen?,What can you tell me about the architecture program?,9,9,study_program,question,certain,"{'what can happen': 9.5, 'tell you or tell me': 9.25, 'what can you do': 8.375, 'architecture': 8.25, 'know about or tell about': 6.062, 'programmatic, programs': 7.438, 'describe or summarize topics': 6.875, 'tell me about': 5.375, 'how does': 4.312}"
1,20,2,Welche Möglichkeiten hat man rund um Heidelberg?,What options are available around Heidelberg?,7,6,uni,question,certain,"{'Hebei company names': 13.75, 'how many are': 8.438, 'topic, time, or scope': 7.719, 'options followed by list introducers': 4.719, 'what [noun] does/did/is': 6.219, 'Heibei/Hebei/Heidrun': 6.156, 'options to consider or choose': 5.5, 'assistant turn start': 4.406, 'city names': 4.406}"
2,20,3,Was ist mit der HAK oder der SRH,What is with the HAK or the SRH?,8,8,uni,follow-up_question,certain,"{'""what is"" questions': 14.688, 'SRV or Sri place names': 10.312, 'H + city/company names': 8.188, 'haz una': 7.344, 'Yak, Rak, Wak, Hak, Jak, AK': 7.156, 'hande, human, help, HA, HDR': 5.188, 'h followed by word beginnings': 5.906, 'nhentai': 5.219, 'assistant turn start': 5.094}"
3,20,4,"Wie finde ich raus, dass Architektur zu mir passt?",How do I find out if architecture is right for me?,9,11,matching,question,uncertain,"{'how do i questions': 11.562, 'architect role and attributes': 6.469, 'how can I do a task': 9.062, 'architecture': 8.875, 'how do you actions': 8.812, 'finding the right choice': 5.844, 'right': 6.812, 'requests to find': 6.25}"
4,20,5,Was ist der NC für Architektur im Durchschnitt?,What is the average NC for architecture?,8,7,grades,question,certain,"{'questions about meaning and purpose': 15.438, '""what is"" questions': 14.625, 'average followed by a noun': 11.188, 'architecture': 7.469, 'nvtop, nvme, NTFS, NGH': 7.375, 'architect role and attributes': 7.344, 'US states': 4.438, 'Carolina Inc. 650 From': 4.406, 'assistant turn start': 4.25, 'how does': 3.812}"
5,20,6,Ist nur der NC wichtig?,Is only the NC important?,5,5,grades,follow-up_question,certain,"{'nvtop, nvme, NTFS, NGH': 8.75, 'specify allowed actions or content': 6.531, 'importance and its context': 6.031, 'Carolina Inc. 650 From': 4.75, 'US states': 4.125, 'selecting specific information only': 3.797, '""the"" followed by nouns in questions': 3.531, 'only followed by limited condition': 3.484, 'assistant turn start': 3.25, 'capability questions': 3.172}"
6,20,7,Braucht man eine Mappe die man abzieht?,Do you need a folder that you can remove?,7,9,grades,follow-up_question,certain,"{'folder name structure': 11.875, 'remove unwanted items': 9.812, 'asking what you are looking for': 8.375, 'looking for a': 4.281, 'you followed by verbs': 4.156, 'need for help and assistance': 4.094, 'that can': 4.031, 'introduces next idea after question': 3.859, 'need for help or action': 3.656, 'carrying items in bags or pockets': 3.609}"
7,20,8,Ist es ein teures Studium?,Is it an expensive course of study?,5,7,finance,follow-up_question,certain,"{'is it + condition/possibility': 6.031, 'course of action': 8.438, 'expensive to': 8.125, '""a"" followed by a word': 7.781, 'studying and its contexts': 5.562, 'low cost or affordable options': 4.375, 'capability questions': 4.031, '""an"" followed by vowel-starting word': 4}"
8,21,9,Wie kannst du mir helfen bei der Berufswahl,How can you help me with career choice?,8,8,job,question,uncertain,"{'questions starting with how can': 14.938, 'career path and development': 13.188, 'how can i use': 8.562, 'top choices for': 7.875, 'help you with that/your': 5.125, 'helping others out': 4.938, 'assistant turn start': 4.531, 'best way to do': 4.438, 'how does': 4.156, 'requests for assistance': 4.062}"
9,21,10,Ich bin interessiert an Technik Chemie und auch Sport Amigo,"I am interested in technology, chemistry, and also sports, buddy.",10,10,interests,statement,certain,"{'sport news and sports car': 11.562, 'expressing interest in': 10.688, 'technologies and business concepts': 4.594, 'technology transfer and industry': 9.438, 'Self-description after ""i am"" or ""i\'m""': 7.906, 'interested in learning or knowing': 7.875, 'friendliness and associates': 6.125, 'i am [predicate]': 5.562, 'hobby and interest lists': 4.906}"
10,21,11,Wie kommst du auf Informatik ich dachte eher in die Richtung ingenuier,How did you come to computer science? I was thinking more in the direction of engineering.,12,16,matching,follow-up_question,certain,"{'engineering assistant or design': 10.188, 'computer vision, science, graphics': 8.125, 'generate ideas and solutions': 7.719, 'thinking about or of': 7.031, 'computer operations, virus, controlled, monitors, network, systems': 6.781, 'was verb-ing or state': 6.781, 'computer science and related fields': 6.562, 'how do you': 6.406, 'did you': 6.406, 'bring to life': 6.344}"
11,21,12,3 helf mir bitte mal,3 help me please,5,4,other,request,certain,"{'requests for assistance': 2.5, 'help concepts': 8.25, 'offers of help': 5, 'please and foreign equivalents': 4.562, 'what should': 1.984, '""Me"" followed by verbs in Romance languages': 2.578, 'polite requests followed by punctuation': 2.172, 'prefixes and common suffixes': 2.078}"
12,21,13,Helfe mir zum 3 Punkt,Help me with point 3.,5,5,other,follow-up_request,certain,"{'requests for assistance': 4.344, 'point': 3.844, 'help you with that/your': 6.688, 'numbered lists and ordinals': 5.688, 'point or punto': 4.969, 'step 1': 4.062, 'items followed by descriptions': 3.453, 'how does': 3.141}"
13,21,14,Chemie und Bio Ingenieurwesen?,Chemical and Bioengineering?,4,3,study_program,follow-up_question,certain,"{'chemical industries and products': 3.719, 'question mark': 8.875, 'prefix ""bio"" followed by science terms': 8.812, 'chemicals and pharmaceuticals': 6.562, 'engineering assistant or design': 6.125, 'physical, chemical, nuclear, energy': 4.531, 'chemical formula, properties, industry': 4.125, 'and connecting descriptors': 3.812, 'and followed by noun': 3.562}"
14,21,15,Was sollten meine Interessen sein für Chemie Ingenieur Wesen,What should my interests be for chemical engineering?,9,8,study_program,question,certain,"{'interests and preferences': 8.688, 'chemical industries and products': 8.312, 'what can happen': 7.156, 'engineering assistant or design': 6.469, 'advice for actions': 4.344, 'should I questions': 5.938, 'career pursuit': 4.219, 'my + [noun]': 4.094}"
15,21,16,"Ich bin auf dem tg Mechatronik Mathe ist im guten Bereich und Mechatronik auch,","I am in the Mechatronics program, and my math skills are good, as well as my skills in mechatronics.",14,19,grades,statement,certain,"{'""Me"" followed by verbs in Romance languages': 7.312, 'in a state or situation': 12.75, 'in the location or state': 12, 'Self-description after ""i am"" or ""i\'m""': 7.906, 'mathematics': 7.688, 'good followed by context': 7.531, 'programmatic, programs': 7.281, 'math and science computation': 7.031, 'mechanical engineering and science': 6.156}"
16,21,17,In Chemie bin ich sehr gut aber ich Frage mich ob das generell für mich etwas ist,"I am very good at chemistry, but I wonder if it is generally something for me.",17,16,matching,follow-up_question,uncertain,"{'identifying aptitudes and skills': 10.625, 'generally considered or not': 9.188, 'wondering how/what/if': 9.125, 'Self-description after ""i am"" or ""i\'m""': 7.906, 'good followed by context': 7.344, 'something that': 6.875, 'is it + condition/possibility': 5.906, 'i am [predicate]': 5.562, 'wonder and its continuations': 5.531, 'whether/if conditions': 5.469}"
17,21,18,Ja wir haben Labor übungen in der Schule aber diese sind irgend wann langweilig,"Yes, we have lab exercises at school, but they get boring after a while.",14,14,interests,answer,certain,"{'lab followed by further words': 15.312, 'get followed by state or outcome': 9.875, 'school and its environment': 8.75, 'exercise and physiology': 7.562, 'some time': 6.469, 'graveyard shift boredom': 6.156, 'yes, i am or yes, it is': 5.531, 'reporting actions or states': 5.312, 'but contrasting clauses': 5.188, 'small quantities or durations': 5.031}"
18,21,19,Die weitere Möglichkeit die mich interessiert ist vielleicht lehramt in Technik und noch etwas,Another option that interests me is perhaps teaching in technology and something else.,14,13,interests,statement,uncertain,"{'technology transfer and industry': 11.312, 'technologies and business concepts': 9.562, 'something else': 8.875, 'teaching and learning': 7.875, 'options followed by list introducers': 7.812, 'else entirely': 6.125, 'teaching strategies and methods': 5.906, 'teaching children and students': 4.438, 'how does': 4.438, 'interests and preferences': 4.219}"
19,21,20,Wie schwer ist Chemie Ingenieur Wesen auch wegen Stresslevel,"How difficult is chemical engineering, especially considering the stress levels?",9,10,study_program,follow-up_question,uncertain,"{'chemical industries and products': 11.25, 'stress and its consequences': 10.625, 'especially followed by conditions': 6.719, 'difficult challenges and situations': 6.5, 'engineering assistant or design': 6.219, 'where is or when is': 5.219, 'chemical industry': 5.031, 'level of': 4.906, 'how + adjective expressing quality': 4.406, 'civil engineering topics listed': 4.25}"
20,21,21,Aber ist es auf dem Niveau wie irgend eine andere Ingenieurwissenschaft,But is it on the same level as any other engineering discipline?,11,12,study_program,follow-up_question,certain,"{'engineering assistant or design': 11.062, 'is it + condition/possibility': 8.5, 'state or context following ""the""': 7.969, 'same as': 7.25, 'level of': 5.281, 'on display': 5.188, 'on this/one/same/each/another': 5.031, 'other [noun]': 5, 'any questions or elaborations': 4.938, 'same [X]': 4.906}"
21,21,22,Oder soll ich lieber nur Umwelttechnik studieren,Or should I rather just study environmental engineering?,7,8,study_program,follow-up_question,uncertain,"{'studying and its contexts': 10.25, 'saying ""just""': 7.781, 'should I questions': 7.688, 'engineering assistant or design': 7.562, 'environmental issues': 6.781, 'environmental conditions and consequences': 5.5, 'but rather, rather than': 4.906, 'say': 4.094, 'environmental compliance and management': 3.75, 'saying or telling': 3.641}"
22,21,23,Stelle mir fragen und werte sie aus und sage wozu ich eher neige,"Ask me questions, evaluate them, and tell me what I tend to lean towards.",13,14,matching,request,certain,"{'tend to': 11.188, 'ask me anything': 7.094, 'asking questions': 6.781, 'evaluation and performance': 6.125, 'relates to them': 5.844, 'direction towards something': 5.531, 'tell me about': 5.188, 'comma before and': 5.125, 'evaluate and compare': 4.625, 'evaluate the situation': 4.531}"
23,21,24,Stelle sie einzeln nacheinander,Present them one by one.,4,5,other,follow-up_request,certain,"{'present information': 2.828, 'frame by frame': 5.938, 'relates to them': 5.812, 'step by step': 5.781, 'providing...with': 4.094, 'by or byz': 4.062, 'step-by-step instructions or guide': 3.781, 'one followed by a noun': 2.922, ""one's, one another, one hand"": 2.656}"
24,21,25,1 ich würde sagen es ist schon sehr wichtig das ich auch anhand Praxis etwas tuen kann und auch etwas erfahren kann. Zum 2 kann ich dir eher nichts sagen aber ich glaube etwas die Forschung interessiert mich mehr,"I would say it is very important for me to be able to do something based on practical experience and to gain some insights. As for the second point, I can't really say much, but I believe I am more interested in research.",39,43,interests,answer,certain,"{'practical usage and applications': 13.938, 'able to': 13.5, 'expressing interest in': 9.75, 'second followed by other words': 9.562, 'more than': 9.5, 'would like to': 9.062, 'say whether or what': 8.75, 'in terms of': 8.688, ""can't + verb"": 7.969, 'research question or article': 7.188}"
25,21,26,1 ich würde sagen es ist schon sehr wichtig das ich auch anhand Praxis etwas tuen kann und auch etwas erfahren kann. Zum 2 kann ich dir eher nichts sagen aber ich glaube etwas die Forschung interessiert mich mehr,"I would say it is very important for me to be able to do something based on practical experience and to learn something as well. As for the second point, I can't really say much, but I believe I am more interested in research.",39,44,interests,answer,certain,"{'practical usage and applications': 13.938, 'able to': 13.5, 'expressing interest in': 9.75, 'second followed by other words': 9.562, 'more than': 9.5, 'would like to': 9.062, 'say whether or what': 8.75, 'in terms of': 8.688, ""can't + verb"": 7.969, 'research question or article': 7.188}"
26,21,27,1 ich würde sagen es ist schon sehr wichtig das ich auch anhand Praxis etwas tuen kann und auch etwas erfahren kann. Zum 2 kann ich dir eher nichts sagen aber ich glaube etwas die Forschung interessiert mich mehr 3 es soll schon etwas mit Nachhaltigkeit zu tuen haben aber es soll nicht das ganze Studium darüber gehen 4 ja wahrscheinlich schon Mathe Chemie interessieren mich schon eher,"1 I would say it is very important for me to be able to do something practical and gain experience. 2 I can't really say much about that, but I think I'm more interested in research. 3 It should definitely have something to do with sustainability, but it shouldn't be the sole focus of the entire study. 4 Yes, probably, I am more interested in math and chemistry.",68,68,interests,answer,certain,"{'expressing interest in': 10.375, 'gaining insights and access': 10.125, 'practical usage and applications': 9.562, 'focus on or of': 9.25, ""can't + verb"": 9.25, 'sustainability': 9.125, 'more than': 8.125, 'think followed by a statement': 8, 'say whether or what': 7.969}"
27,22,28,Wo sind duale Studiengänge Main-Tauber-Kreis,Where are dual study programs in the Main-Tauber-Kreis?,5,8,study_program,question,certain,"{'dual or twin relationships': 16.25, 'words starting with ""Ta""': 8.375, 'main program code or identifier': 7.219, 'where from or going': 5.562, 'Fachbereich Informatik Darmstadt': 5.531, 'programmatic, programs': 5.375, 'Baden-Württemberg': 5.344, 'the main character': 5.281, 'german locations and regions': 4.719, 'questions starting with where': 4.594}"
28,22,29,Plätze Duales Studium Physik,Places for Dual Study in Physics,4,6,study_program,follow-up-request,certain,"{'dual or twin relationships': 14, 'physics and scientific terms': 7.156, 'studying and its contexts': 5.125, 'Fachbereich Informatik Darmstadt': 4.25, 'locations and destinations': 3.609, 'degrees in statistics, engineering, technology': 3.594, 'academic research study': 3.5, 'places to visit': 3.484, 'items for specific audiences': 3.406}"
29,22,30,Studiengänge Duales Studium Physik Main-Tauber-Kreis und Würzburg,Degree Programs Dual Study Physics Main-Tauber-Kreis and Würzburg,7,8,study_program,follow-up-request,certain,"{'dual or twin relationships': 8.312, 'words starting with ""Ta""': 8, 'words starting with w': 8, 'Baden-Württemberg': 5.688, 'Fachbereich Informatik Darmstadt': 5.344, 'physics and scientific terms': 5.281, 'K words': 5.219}"
30,22,31,Studium Physik,Study of Physics,2,3,study_program,follow-up_request,certain,"{'physics and scientific terms': 8.188, 'studying and its contexts': 5.281, 'effect of project management': 3.172, 'study of scientific mechanisms': 3, 'words ending in ics': 2.672, 'studied in detail': 2.422, 'how does': 2.234, 'instruction of specific compounds': 2, 'academic subjects and assessments': 1.836, 'academic research study': 1.734}"
31,22,32,Studium Mathe,Mathematics studies,2,2,study_program,follow-up_request,certain,"{'mathematical model': 7.375, 'studying and its contexts': 5.719, 'abstract concepts in evolving fields': 4.031, 'words ending in ics': 3.516, 'study of properties': 3.312, 'television industry, series, and shows': 2.891, 'academic subjects and assessments': 2.547, 'academic research study': 1.984, 'mathematics': 1.758, 'technical terms are': 1.617}"
32,22,33,duales Studium Physik,dual study program in physics,3,5,study_program,follow-up_request,certain,"{'dual or twin relationships': 15.688, 'physics and scientific terms': 7.219, 'programmatic, programs': 5.938, 'studying and its contexts': 5.531, 'Fachbereich Informatik Darmstadt': 3.328, 'academic fields and degrees': 4.562, 'academic research study': 3.953, 'degrees in statistics, engineering, technology': 3.781}"
33,22,34,dauer Physik Studium Master,Duration of Master's Degree in Physics,4,6,study_program,follow-up-request,certain,"{'master and its usages': 12.312, 'duration or length of time': 8.875, 'physics and scientific terms': 7.188, ""master's degree or MSc degree"": 4.625, 'academic fields and degrees': 6.25, 'degree of': 5.562, 'possessive followed by nouns': 5.312, 'duration of programs or conversations': 5.25, ""a master's degree"": 4.438}"
34,22,35,Wie lang dauert ein Physik Studium Main-Tauber-Kreis und Würzburg bei jeder Fakultät,How long does a physics degree take in the Main-Tauber-Kreis and Würzburg at each faculty?,12,15,study_program,question,certain,"{'how long duration': 5.906, 'words starting with ""Ta""': 8.062, 'physics and scientific terms': 8.062, 'the main character': 7.375, 'questions starting with does': 7.25, 'degree of': 6.844, 'words starting with w': 6.719, 'Fachbereich Informatik Darmstadt': 6.094, 'german locations and regions': 5.562}"
35,22,36,Nenne die Dauer eines Physik Studiums bei jeder Fakultät in Main-Tauber-Kreis und Würzburg,Name the duration of a physics degree at each faculty in the Main-Tauber-Kreis and Würzburg.,13,15,study_program,request,certain,"{""you'd like me to"": 9.25, 'would like': 8.25, 'text below is': 6.844, 'requests to provide content': 6.594, 'to assist or perform actions': 6.375, 'you would like me to': 5.969, 'end of question or request': 5.75, 'describing what is wanted': 5.031, 'give me the': 4.562}"
36,23,37,wie sieht der duale studiengang steuern rechnungswesen wirtschaftsrecht aus,"What does the dual study program in taxation, accounting, and business law look like?",9,14,study_program,question,certain,"{'dual or twin relationships': 14.5, 'what does X mean or stand for': 11.375, 'questions starting with does': 7.906, 'Fachbereich Informatik Darmstadt': 7.562, 'academic fields and degrees': 6.812, 'look like or and feel': 6.781, 'accountancy and finance': 6.062, 'programmatic, programs': 5.25, 'tax and its financial aspects': 5.125, 'what does this mean': 5.062}"
37,23,38,was muss ich tun um dann steuerberater zu werden,What do I need to do to become a tax advisor?,9,11,job,question,certain,"{'tax and its financial aspects': 13.625, 'become a profession or state': 7.094, 'what do you': 6.188, 'change of state or role': 6.219, 'what can do': 6.188, 'what to do': 5.375, 'need to': 5.344, 'things to know or do': 5.25}"
38,23,39,muss ich für den steuerberater dann nochmal unterricht besuchen,Do I need to attend classes again for the tax advisor?,9,11,job,question,certain,"{'tax and its financial aspects': 14.125, 'attending events or classes': 10.938, 'again': 9.438, 'I followed by verb': 6.406, ""don't have to"": 5.562, 'tax advice and filing': 4.75, 'to followed by action verbs': 4.594, 'for the purpose or duration': 3.938, 'need to do': 3.828, 'capability questions': 3.734}"
39,23,40,ist das dann novhmal eine ausbildung oder nur die prüfung,Is that another training or just the exam?,10,8,study_program,follow-up_question,certain,"{'training courses, plans, and experiences': 12.062, 'another [noun]': 10.188, 'training and professional development': 7.562, 'exam covers and typically taken': 7.125, 'examining, examination, examens': 7.094, 'training data, process, parameters': 5.531, 'just another': 5.219, 'saying ""just""': 4.875, 'is it + condition/possibility': 4.5, 'is that correct/what': 4.5}"
40,23,41,ist das studium schwer,Is the study difficult?,4,4,study_program,follow-up_question,uncertain,"{'academic research study': 8.188, 'difficult challenges and situations': 6.688, 'studying and its contexts': 5.969, '""the"" followed by nouns in questions': 5.031, 'assistant turn start': 4.031, 'questions about correctness or state': 4.031, 'capability questions': 3.609, 'Is at beginning of phrases': 3.547, 'this is a question': 3.312, 'how does': 3.078}"
41,23,42,wie wird die schwere des studiengangs bewertet,How is the difficulty of the degree program assessed?,7,9,study_program,follow-up_question,certain,"{'degree of': 11.375, 'how are you': 6.562, 'difficult challenges and situations': 7.312, 'assess, assessing, assessment': 6.938, '""the"" followed by nouns in questions': 6.188, 'assistant turn start': 5.219, 'programmatic, programs': 4.969, 'where is or when is': 4.594, 'is/are followed by past participle': 4.219}"
42,23,43,wo kann man das studieren bei welchen firmen in der nähe,Where can you study this and which companies are nearby?,11,10,uni,follow-up_question,certain,"{'where can i find or access': 6.812, 'which question starter': 7.312, 'studying and its contexts': 7.156, 'questions starting with how can': 6.25, 'company information and descriptions': 5.75, 'academic fields and degrees': 5.375, 'and how/what/why': 4.562, 'what [noun] does/did/is': 4.469, 'assistant turn start': 4.094}"
43,23,44,welche firmen bieten das dual nähe main tauber krei an,Which companies offer dual training near Main-Tauber-Kreis?,10,7,job,follow-up_question,certain,"{'dual or twin relationships': 15.438, 'training courses, plans, and experiences': 10.188, 'near future': 9.062, 'main program code or identifier': 8.438, 'words starting with ""Ta""': 7.938, 'offers a': 6.688, 'company information and descriptions': 6.562, 'Baden-Württemberg': 5.656, 'the main character': 5.562, 'german locations and regions': 5.531}"
44,23,45,nenne mir konkrete stellen wo man sich bewerben könnte,name specific places where one could apply,9,7,job,follow-up_request,certain,"{'apply procedures or actions': 9.312, 'locations and destinations': 8.25, 'where can i find or access': 7.375, 'specific': 6.719, 'places and circumstances': 4.094, ""one's, one another, one hand"": 3.75, 'one followed by a noun': 3.297, ""one's own"": 3.203, 'apply the concepts learned': 3.047, 'specific questions or information': 2.984}"
45,23,46,wie ist der studiengang an der dhbw mosbach,What is the study program like at DHBW Mosbach?,8,9,uni,question,certain,"{'questions about meaning and purpose': 15.438, '""what is"" questions': 14.688, 'words starting with D': 13, 'mosquitos, mosques, Mozambique': 8.188, 'studying and its contexts': 7.656, 'programmatic, programs': 7, 'Baden-Württemberg': 6.156, 'Fachbereich Informatik Darmstadt': 4.938, 'assistant turn start': 4.844, 'from the university or school': 4.812}"
46,23,47,gibt es bewertungen des studiengangs von dhbw studenten,Are there reviews of the program from DHBW students?,8,9,study_program,follow-up_question,certain,"{'words starting with D': 12.438, 'there a or there any': 11, 'review': 9.562, 'there are + quantifier': 7.531, 'programmatic, programs': 6.875, 'Baden-Württemberg': 6.875, 'student body': 6.188, 'words beginning with d': 5.469, 'originating from sources': 5.031, 'successful games and funding': 4.188}"
47,23,48,wo finde ich konkret solche bewertungen,Where can I find such reviews specifically?,6,7,general,follow-up_question,certain,"{'where can i find or access': 6.812, 'specifically designed for': 8.812, 'review': 8.75, 'questions starting with how can': 6.25, 'such a way that': 5.844, 'find specific information': 5.281, 'how can I do a task': 5.281, 'assistant turn start': 4.812, 'such followed by a noun': 4.156}"
48,23,49,wie viel kostet dieses studium oder fallen extrakosten an,"How much does this study program cost, or are there any additional costs?",9,13,finance,question,certain,"{'how much questions': 15.125, 'additional context or information': 9.125, 'fee for': 7.719, 'questions starting with does': 6.875, 'Are you': 6.812, 'programmatic, programs': 6.656, 'there are + quantifier': 5.469, 'cost or price of items': 4.812, 'assistant turn start': 4.688, 'or introducing alternatives': 4.688}"
49,24,50,Welche Fächer bzw. Module werden im Studiengang Mechatronik unterrichtet?,What subjects or modules are taught in the Mechatronics degree program?,9,11,study_program,question,certain,"{'""Me"" followed by verbs in Romance languages': 12.438, 'how many are': 8.25, 'subject matter or headlines': 8.188, 'ModuleNotFoundError: No module named': 6.844, 'degree of': 6.5, 'mechanical engineering and science': 5.844, 'programmatic, programs': 5.719, 'what [noun] does/did/is': 5.281, 'me or mé followed by words': 5.125, 'categories connected by or': 4.938}"
50,24,51,Wie hoch sind durchschnittlich die Durchfall bzw. Abbruchquoten?,What are the average failure or dropout rates?,8,8,grades,follow-up_question,certain,"{'What are the': 17.125, 'questions starting with ""what are""': 16.625, 'fail to': 10.312, 'average followed by a noun': 9.875, 'follow-up rate': 5.688, 'assistant turn start': 5.344, 'dropshipping and drop-down': 5.25, 'rate and its usage': 5.125, 'how does': 4.25, 'no barriers or ideal circumstances': 4.188}"
51,24,52,Was sind die Karrieremöglichkeiten danach?,What are the career opportunities afterwards?,5,6,job,follow-up_question,certain,"{'What are the': 4.438, 'questions starting with ""what are""': 16.625, 'career path and development': 13.125, 'opportunities': 7.594, 'assistant turn start': 5.312, 'how does': 3.359, 'what is the meaning of': 3.125}"
52,24,53,Werden später von den Unternehmen eher dual Studierende oder kooperative Studenten übernommen?,Will companies later prefer to hire dual students or cooperative students?,12,11,job,follow-up_question,uncertain,"{'dual or twin relationships': 12.438, 'Later': 10.25, 'prefer to or prefer the': 9, 'cooperation and cooperative': 7.875, 'company information and descriptions': 6.281, 'student body': 5.875, 'hiring trends': 5.281, 'Fachbereich Informatik Darmstadt': 4.531, 'assistant turn start': 4.375}"
53,24,54,Wie bereite ich mich auf das kooperative Studium Mechatronik am besten vor?,How can I best prepare for the cooperative study program in Mechatronics?,12,12,study_program,question,certain,"{'questions starting with how can': 15, 'how can I do a task': 11.312, 'cooperation and cooperative': 10.625, '""Me"" followed by verbs in Romance languages': 10.25, 'prepare for something': 8.188, 'exam and test': 7.625, 'programmatic, programs': 7.406, 'best way to do': 7.219, 'studying and its contexts': 6.844, 'how can i use': 5.438}"
54,25,55,Welche Hochschulen gibt es in bw?,What universities are there in Baden-Württemberg?,6,6,uni,question,certain,"{'bad and negative descriptors': 5.312, 'Baden-Württemberg': 6.438, 'university of': 8.062, 'german umlauts and greetings': 7.188, 'how many are': 7.125, 'places to visit': 6.219, 'words ending in en': 5.562, 'what [noun] does/did/is': 5.375}"
55,25,56,Kannst du genauer auf das KIT eingehen?,Can you elaborate more on the KIT?,7,7,uni,follow-up_question,certain,"{'k followed by certain characters': 13.812, 'can i / can we questions': 7.438, 'user requests for action': 7.125, 'elaborate and elaboration': 7.062, 'ketamine or cats': 6.25, 'can you questions': 5.188, 'explaining concepts and differences': 4.844, 'describe or summarize topics': 4.469, 'how does': 4.031, 'Zhejiang, Shijiazhuang, Hubei, Yichang': 3.969}"
56,25,57,Welche Vorteile hat das KIT im vergleich zu anderen Hochschule,What advantages does the KIT have compared to other universities?,10,10,uni,follow-up_question,certain,"{'compared to or with': 12.75, 'k followed by certain characters': 11.875, 'advantages and disadvantages': 9.5, 'questions starting with does': 7.594, 'university of': 5.906, 'specific educational institutions and programs': 5.562, 'advantages of using': 5.562, 'words starting with K': 5.5, '""the"" followed by nouns in questions': 5.281, 'ketamine or cats': 5.094}"
57,25,58,Welche sind die beliebtesten Studiengänge an der KIT,What are the most popular degree programs at KIT?,8,9,uni,follow-up_question,certain,"{'What are the': 17.125, 'questions starting with ""what are""': 16.625, 'most followed by superlatives': 11.375, 'degree of': 9.438, 'words starting with K': 8.562, 'k followed by certain characters': 8.5, 'popular choice, activity, approach': 7.406, 'from the university or school': 5.656, 'programmatic, programs': 5.688}"
58,25,59,Was macht man in einem Maschinenbau Studium?,What do you do in a mechanical engineering program?,7,9,study_program,question,certain,"{'mechanical engineering and science': 14.5, 'what do you': 7.312, 'programmatic, programs': 7.281, 'engineering assistant or design': 7.125, 'what can do': 6.875, 'a followed by situation or entity': 5.75, 'what do you want/do/think/like/need': 4.781, 'in a nutshell': 4, 'assistant turn start': 3.984}"
59,25,60,"Habe ich Vorteile, wenn ich vorher auf einem technischen Gymnasium war?",Do I have advantages if I attended a technical high school beforehand?,11,12,grades,follow-up_question,uncertain,"{'technical topics': 12.562, 'attending events or classes': 7.594, 'I followed by verb': 6.406, 'advantage and disadvantaged': 6, 'advantages and disadvantages': 5.906, 'high word compounds': 5.312, 'primary and secondary schools': 4.188, 'capability questions': 4.906, 'specific educational institutions and programs': 4.719}"
60,25,61,Gibt es Möglichkeiten Maschinenbau Dual zu studieren?,Are there options to study mechanical engineering in a dual program?,7,11,study_program,follow-up_question,certain,"{'mechanical engineering and science': 11.938, 'there a or there any': 11, 'dual or twin relationships': 10.938, 'studying and its contexts': 9, 'options followed by list introducers': 7.781, 'programmatic, programs': 7.594, 'there are + quantifier': 7.531, 'engineering assistant or design': 6.344, 'offer specialized MBA programs': 4.312, 'capability questions': 4.156}"
61,25,62,Welche Vorteile hat ein duales Studium im vergleich zu einem normalen Studium?,What advantages does a dual study program have compared to a regular study program?,12,14,general,follow-up_question,certain,"{'dual or twin relationships': 15.25, 'compared to or with': 13, 'advantages and disadvantages': 9.5, 'Fachbereich Informatik Darmstadt': 6.594, 'questions starting with does': 7.594, 'programmatic, programs': 5.75, 'advantages of using': 5.5}"
62,25,63,Was ist mit einem kooperativen Studium?,What is a cooperative study program?,6,6,study_program,follow-up_question,certain,"{'What is a': 17, '""what is"" questions': 14.625, 'cooperation and cooperative': 10.125, 'programmatic, programs': 7.562, 'academic research study': 6.812, 'assistant turn start': 6.156, 'cooperative housing societies': 5.312, 'studying and its contexts': 5, 'asking what something is': 4.75, 'how does': 4.562}"
63,28,64,Nenne mir Informationen zu dem Dualen Studiengang Vermessung und Geoinformatik,Please provide the text you would like me to translate.,10,10,study_program,request,certain,"{""you'd like me to"": 9.25, 'would like': 8.25, 'text below is': 6.844, 'requests to provide content': 6.594, 'to assist or perform actions': 6.375, 'you would like me to': 5.969, 'end of question or request': 5.75, 'describing what is wanted': 5.031, 'give me the': 4.562}"
64,28,65,Kannst du mir auch informationen zu Würzburg nennen,Can you also provide me with information about Würzburg?,8,9,uni,follow-up_request,certain,"{'words starting with w': 14.25, 'can i / can we questions': 7.438, 'user requests for action': 7.125, 'wer bist du, werfen, werker': 6.469, 'requests to provide content': 6.375, 'providing information': 6.281, 'you with': 6.188, 'information about or on': 6.094, 'also introducing continuation': 5.875, 'Zhejiang, Shijiazhuang, Hubei, Yichang': 5.719}"
65,28,66,Welche Personen passen zu diesem Studiengang,Which individuals are suited for this degree program?,6,8,matching,follow-up_question,certain,"{'suited for tasks': 8.875, 'degree of': 8, 'individuals and groups': 6.406, 'programmatic, programs': 4.719, 'what [noun] does/did/is': 4.562, 'how many are': 4.25, 'assistant turn start': 4.062, 'who are you': 3.969, 'suitability for roles and positions': 3.953, ""master's degree or MSc degree"": 3.25}"
66,28,67,Wie sieht denn der Duale Studiengang im Detail aus,What does the dual study program look like in detail?,9,10,study_program,follow-up_question,certain,"{'dual or twin relationships': 14.5, 'what does X mean or stand for': 4.75, 'questions starting with does': 7.906, 'programmatic, programs': 5.281, 'what does this mean': 5.094, 'Fachbereich Informatik Darmstadt': 4.75, '""the"" followed by nouns in questions': 4.688, 'studying and its contexts': 4.406, 'assistant turn start': 4.375}"
67,28,68,Wie lange geht das Studium und welche gehaltsvorstellung kann ich mir danach vorstellen,How long does the study program last and what salary expectations can I have afterwards?,13,15,study_program,follow-up_question,certain,"{'how long duration': 5.906, 'salary and wage information': 9, 'studying and its contexts': 7.344, 'questions starting with does': 7.25, 'programmatic, programs': 6.406, 'discussing expectations': 6.281, 'academic research study': 5.781, '""the"" followed by nouns in questions': 5.625, 'what [noun] does/did/is': 5.281}"
68,28,69,Ist der Studiengang etwas für mich?,Is the degree program right for me?,6,7,matching,follow-up_question,uncertain,"{'degree of': 13.125, 'programmatic, programs': 6.594, 'right': 6.438, 'this is a question': 5.469, '""the"" followed by nouns in questions': 5.031, 'finding the right choice': 4.812, 'offer specialized MBA programs': 4.281, 'Is at beginning of phrases': 3.547, 'assistant turn start': 3.453, 'best medical programs': 3.25}"
69,29,70,Duales Studium Maschinenbau mit Studienrichtung KFZ-Prüftechnik erzähle mir etwas zu diesem Studium am Campus Horb,Dual study program in mechanical engineering with a focus on automotive testing technology – tell me something about this program at the Horb campus.,15,24,study_program,request,certain,"{'horizon': 14.562, 'automotive industry parts components': 10.312, 'mechanical engineering and science': 10.062, 'tell me X': 8.875, 'testing and automation': 7.375, 'Fachbereich Informatik Darmstadt': 6.781, 'programmatic, programs': 6.969, 'academic fields and degrees': 6.438}"
70,29,71,wie heißt die Prüfung?,What is the name of the exam?,4,7,grades,follow-up_question,certain,"{'questions about meaning and purpose': 15.438, '""what is"" questions': 14.625, 'the name of': 5.188, 'asking for name': 7.125, 'exam covers and typically taken': 6.906, 'examining, examination, examens': 6.875, 'former Japanese or specific nouns': 5.812, 'what is the meaning of': 5.406, 'name followed by of': 5}"
71,29,72,mit man diese Prüfung auch mit dem Abitur ablegen,Can this exam also be taken with the high school diploma?,9,11,grades,follow-up_question,certain,"{'examining, examination, examens': 9, 'high word compounds': 7.812, 'lockdown browser during exam': 5.156, 'exam covers and typically taken': 5.656, 'also introducing continuation': 5.5, 'capability questions': 5.344, 'takeaways, take out, take off': 5.344, 'with the + intent/aid/goal': 5.219}"
72,29,73,"Habe mich oben verschrieben. Meine Frage war ob man diese Eingangsprüfung auch machen muss, wenn man die allgemeine Hochschulreifen besitzt",I made a typo above. My question was whether this entrance exam is also required if one has the general university entrance qualification.,20,23,grades,follow-up_question,certain,"{'general-purpose and generalization': 13.938, 'making a decision or plan': 9.812, 'university of': 9.75, 'whether condition or question': 7.375, 'required by or for': 7.25, 'exam covers and typically taken': 6.062, 'also introducing continuation': 6.75, 'her GCSE exams': 6.031}"
73,29,74,Was für duales Studiengänge kann man im Main-Tauber-Kreis bzw. Hohenlohe noch machen wenn man an Technik interessiert ist.,What dual study programs can one pursue in the Main-Tauber-Kreis or Hohenlohe if they are interested in technology?,18,18,study_program,question,certain,"{'dual or twin relationships': 15.312, 'expressing interest in': 10.062, 'words starting with ""Ta""': 8.562, 'H + city/company names': 8.25, 'main program code or identifier': 7.312, 'Baden-Württemberg': 6.031, 'technology transfer and industry': 6.125, 'pursuit of goals and achievement': 5.906, 'german locations and regions': 5.75}"
74,29,75,Liste mir ein paar Unternehmen auf die ein Duales Studium Maschinenbau anbieten in diesen Kreisen,List a few companies that offer dual study programs in mechanical engineering in these districts.,15,15,job,follow-up_question,certain,"{'dual or twin relationships': 15.062, 'mechanical engineering and science': 9.688, 'company information and descriptions': 6.719, 'offers a': 6.594, 'few followed by quantifiable units': 6.5, 'list something': 6.406, 'programmatic, programs': 6.281, 'These followed by a list': 5.969, 'studying and its contexts': 5.344, 'engineering assistant or design': 5.344}"
75,29,76,Erzähle mir etwas über die Firma im 3. Ein paar mehr Fakten bzw. Zahlen zu diesem Unternehmen,Tell me something about the company in the third. A few more facts or figures about this business.,17,18,job,follow-up_request,certain,"{'tell me X': 15.438, 'few followed by quantifiable units': 5.188, 'number three followed by noun or hyphen': 8.5, 'tell me about': 7.844, 'factual information': 7.469, 'third party': 7.406, 'describe or summarize topics': 6.469, 'company information and descriptions': 6.156, 'say something harmful/bad/toxic': 5.375}"
76,29,77,Gibts auch bei der VW AG in Neckarsulm noch Duale Studiengänge,Are there still dual study programs at VW AG in Neckarsulm?,11,11,general,follow-up_question,certain,"{'dual or twin relationships': 16, 'there a or there any': 5.375, 'Baden-Württemberg': 7.875, 'there are + quantifier': 7.531, 'programmatic, programs': 6.312, 'Fachbereich Informatik Darmstadt': 5.688, 'Audi e-tron vehicles': 5.094, 'body parts and measurements': 5.031}"
77,29,78,Duales Studium Automotive Engineering gebe mir dazu ein paar mehr Informationen bei der VW AG in Neckarsulm,Dual Study Program in Automotive Engineering - please provide me with more information about it at VW AG in Neckarsulm.,17,20,general,follow-up_request,certain,"{'automotive industry parts components': 9.938, 'Baden-Württemberg': 7.062, 'programmatic, programs': 7, 'requesting more information or detail': 7, 'Fachbereich Informatik Darmstadt': 6.031, 'from the university or school': 6.188, 'academic fields and degrees': 6.031, 'engineering assistant or design': 6, 'providing information': 5.875}"
78,29,79,Bei Audi in Neckarsulm was gibt es da noch oder sind die schon alle belegt?,"At Audi in Neckarsulm, what else is there or are they all already taken?",15,14,job,follow-up_question,certain,"{'already + prior state/action': 8.375, 'Audi e-tron vehicles': 6.438, 'what questions': 6.844, 'car dealership': 6.719, 'else entirely': 6.031, 'auditing, audacious, audible, auditorium, audio': 5.812, 'Are you': 5.406, 'what followed by descriptive clauses': 5.375, 'body parts and measurements': 5.281}"
79,29,80,In Neckarsulm,In Neckarsulm,2,2,job,follow-up_question,certain,"{'body parts and measurements': 8.25, 'neck and its context': 6.25, 'Baden-Württemberg': 4.469, 'nef, nec, nem, necro': 4.594, 'European place name suffixes': 4.375, 'words ending in -ul, -al, -ar': 4.281, 'city names': 3.594, 'buckle, buckwheat, heckling, buckling': 3.562, 'german locations and regions': 3.531}"
80,31,81,Ich möchte über studiengänge mehr herrausfinden ich bin technisch begabt und bin gut im managen von dingen,I want to find out more about degree programs. I am technically skilled and good at managing things.,17,18,interests,statement,certain,"{'degree of': 13.188, 'want to know': 10.625, 'technical topics': 9.188, 'asking for information': 7.906, 'want to do': 7.469, 'managing behavior, operations, and risks': 7.438, 'things and following descriptions': 7.375, 'identifying aptitudes and skills': 7.25, 'good followed by context': 6.875, 'more about': 6.562}"
81,31,82,ich möchte keine informatik mehr aber hast du auch nicht technische berufsgänge die sich cool anhören könnten,"I don't want to pursue computer science anymore, but do you have any non-technical career paths that might sound cool?",17,20,interests,follow-up_question,certain,"{'not want to': 11.625, 'pursuit of goals and achievement': 11.562, 'career path and development': 10.75, ""don't"": 10.562, 'want to': 10.188, 'technical topics': 8.562, 'computer vision, science, graphics': 8.125, 'non- prefixes': 7.594, 'computer science and related fields': 7.562, 'sounds like or describes qualities': 7.531}"
82,31,83,Hiiiilfe ich brauche deine hilfe weißt du über andere möglichkeiten wie FSJ also würdest du sowas empfehlen,"Hiiiilfe, I need your help! Do you know about other options like FSJ? Would you recommend something like that?",17,19,general,question,uncertain,"{'do you know': 13.438, 'abbreviations': 9.688, 'do you questions': 9.25, 'your followed by requests for help': 8.25, 'options followed by list introducers': 7.438, 'need for help or action': 6.75, 'would you like': 6.25, 'hhh, eee, ay': 6.125, 'need help or assistance': 5.906, 'greeting hi': 5.875}"
83,31,84,gib mir coole duale studikas an,give me cool dual study programs,6,6,general,request,certain,"{'dual or twin relationships': 13.875, 'Give me a': 13.625, 'cool followed by roof, and, outfit': 10.688, 'studying and its contexts': 6.531, 'programmatic, programs': 6.219, 'recommendations for specific items': 3.859, 'academic research study': 3.797, 'cool, badass descriptors': 3.5, 'ideas for creative generation': 2.984, 'what should': 2.516}"
84,31,85,ich brauche FSJ stellen im Main Tauberkreis,I need volunteer positions in the Main-Tauber district.,7,8,general,statement,certain,"{'volunteer activities': 11.312, 'words starting with ""Ta""': 9.062, 'need for help or action': 8.375, 'the main character': 8.312, 'main program code or identifier': 7.219, 'need help or assistance': 6.688, 'position of': 6.312, 'productive volunteer activity': 4.844, 'job position': 4.594, 'german locations and regions': 4.469}"
85,31,86,geb mir genaue stellen an,give me exact locations,5,4,general,follow-up_request,certain,"{'Give me a': 13.625, 'location': 7.156, 'specifying exactly': 6.719, 'specifying exact details': 6.625, 'requests for lists': 3.391, 'what should': 2.188, 'asking for specific information': 2.25, '""Me"" followed by verbs in Romance languages': 2.141}"
86,31,87,schade,too bad,1,2,critical,statement,certain,"{'bad and negative descriptors': 3.562, 'expressing unavailability or regret': 3.375, 'what should': 2.406, 'expressing beliefs or feelings': 2.359, 'code and data structures': 2.344, 'questions starting with how': 1.797, 'positive sentiment about reception or presence': 1.688, 'apologies and excuses': 1.664, 'sadistic': 1.461, ""i'm glad"": 1.445}"
87,31,88,würdest du selber sagen du hast mir gerade gute und informationsreiche ausgeben gegeben?,Would you say that you just provided me with good and informative output?,13,13,other,question,certain,"{'informative responses': 7, 'good or bad': 6.375, 'requests to provide content': 5.844, 'what would you like': 5.688, 'would like': 5.281, 'providing information': 5.188, 'you with': 4.75, 'good and contexts': 4.594, 'how would you questions': 4.312, 'providing...with': 4.25}"
88,31,89,kannst selbst reflektieren,can reflect on yourself,3,4,other,statement,certain,"{'reflecting on experiences': 3.094, 'reflexive pronouns and self-reference': 7.75, 'reflection on past decisions': 3.125, 'on': 3.766, 'reflection and contemplation': 2.094, 'reflecting reality or truth': 2.906, 'command that prints': 2.031}"
89,31,90,Hilf mir einen studien gang der zu mir passt zu finden stelle mir dazu bitte fragen,"Help me find a study program that suits me by asking me questions, please.",16,14,matching,request,certain,"{'requests for assistance': 10.812, 'asking questions': 6.281, 'programmatic, programs': 7.281, 'requests to find': 7.125, 'studying and its contexts': 7, 'academic research study': 6.781, 'by [something]': 5.938, 'suit and suitability': 5.844}"
90,31,91,"1. technik gesellschaft Kultur 2. bin ich mir noch nicht sicher 3. Hoch nachdem ich einen job nach dem studium möchte 4. breitere ausbildung mir chauncen zur spezialisierung 5. ich habe in einem Lager gearbeitet, praktikum als elektriker und arbeite zur zeit nebenbei in einem cafe 6. neutral 7. ehr praxsisorietiert","1. technology society culture 2. I am not sure yet 3. I want a job after graduation 4. broader education with opportunities for specialization 5. I have worked in a warehouse, interned as an electrician, and am currently working part-time in a café 6. neutral 7. rather practice-oriented",51,48,matching,answer,certain,"{'neutral': 11.125, 'electric or electrical nouns': 10.562, 'international, internal, or intern related contexts': 9.438, 'broad terms, spectrum, variety': 9.438, 'education sector and system': 8.375, 'numbered list item starts': 8.312, 'words starting with I': 8.062, 'opportunities for': 7.844, 'opportunities': 7.688, 'not followed by adjective/verb': 7.562}"
91,32,92,"Hi Starry, kannst du mir verschiedene Studiengänge, die etwas mit IT zutun haben, zeigen? Bitte ohne solche, die etwas mit Wirtschaft oder Medien zutun haben.","Hi Starry, can you show me various degree programs related to IT? Please exclude those related to business or media.",25,20,study_program,question,certain,"{'star trek and star wars': 14.125, 'degree of': 12.812, 'IT roles and ITIL': 11.188, 'media files, outlets, and coverage': 10.938, 'related to topics': 8.312, 'various types, kinds, and categories': 8.625, 'user requests for action': 8.125, 'show me how to': 7.656, 'show you how': 7.375}"
92,32,93,ich finde informatik mit dem Schwerpunkt Cyber Security sehr interessant. Hast du da den NC zu?,I find computer science with a focus on cyber security very interesting. Do you have the admission requirements for that?,16,20,grades,follow-up_question,certain,"{'cyber security and cyberpunk': 15.438, 'finding things or states': 10.875, 'computer operations, virus, controlled, monitors, network, systems': 9.375, 'computer science and related fields': 9, 'do you questions': 8.562, 'have any': 7.562, 'found offensive': 7, 'computer vision, science, graphics': 7, 'computer science': 6.781}"
93,32,94,kennst du auch den nc dieser Richtung an der Hochschule in Würzburg?,Do you also know the NC for this program at the University of Würzburg?,12,14,grades,follow-up_question,certain,"{'university of locations': 8.688, 'words starting with w': 11.312, 'university of': 10.375, 'nvtop, nvme, NTFS, NGH': 9, 'do you know': 8.812, 'asking what you are looking for': 8.375, 'from the university or school': 7.469, 'also introducing continuation': 6.812, 'the followed by specific points/positions': 6.656}"
94,32,95,"kannst du mir dann sagen, wie ich mein Studium am besten finanzieren kann? Ich bekomme kein Bafög",Can you tell me how I can best finance my studies? I don't receive any student financial aid.,17,18,finance,question,uncertain,"{'student body': 9.875, 'tell you or tell me': 9.875, 'tell me X': 9.562, 'how can I do a task': 8.812, 'best way to do': 7.5, 'can i / can we questions': 7.5, 'receive messages or notifications': 7.281, 'user requests for action': 7.125, 'scholarships and financial aid': 6.438}"
95,32,96,wo kann ich überall cyber security in baden württemberg studieren?,Where can I study cyber security in Baden-Württemberg?,10,8,study_program,question,certain,"{'cyber security and cyberpunk': 15.062, 'bad and negative descriptors': 14.438, 'where can i find or access': 6.812, 'cybersecurity strategy, experts, and threats': 7.812, 'studying and its contexts': 7.5, 'Baden-Württemberg': 6.312, 'german umlauts and greetings': 6.875, 'Fachbereich Informatik Darmstadt': 6.5}"
96,32,97,was ist der nc für diesen studiengang an der hochschule aalen?,What is the NC for this degree program at Aalen University?,11,11,grades,follow-up_question,certain,"{'questions about meaning and purpose': 15.438, '""what is"" questions': 14.688, 'A followed by other tokens': 12.938, 'degree of': 9.438, 'from the university or school': 5.5, 'nvtop, nvme, NTFS, NGH': 7.406, 'Carolina Inc. 650 From': 6, 'Fachbereich Informatik Darmstadt': 5.531, 'university names': 5.219}"
97,32,98,was meinst du mit 6?,What do you mean by 6?,5,6,other,follow-up_question,certain,"{'what you mean by': 12.375, 'what do you': 7.312, '6 followed by chemical prefixes or ""weeks""': 8.75, 'explain concept of': 5.312, 'chemical compounds with numbers': 5.062, 'what do you want/do/think/like/need': 4.781, 'assistant turn start': 4.75, 'ordinal numbers and addresses': 4.719, 'numbers and operations': 3.875}"
98,32,99,"kann ich mich mit einem Abschluss von 2,0 für ein stipendium bewerben?",Can I apply for a scholarship with a GPA of 2.0?,12,11,grades,question,certain,"{'can i / can we questions': 11.625, 'apply procedures or actions': 9.625, 'applying for jobs and admissions': 6.281, 'scholarships and financial aid': 6, 'apply for, obtain, claim': 5.969, 'requesting things': 5.438, 'credits and GPA completion': 5.312, 'apply for, apply to': 4.719}"
99,32,100,"kann ich mich mit meinem Abi abschluss von 2,0 für ein Stipendium für das Studium bewerben?",Can I apply for a scholarship for my studies with my high school diploma grade of 2.0?,16,17,grades,follow-up_question,certain,"{'can i / can we questions': 11.625, 'apply procedures or actions': 9.625, 'applying for jobs and admissions': 6.281, 'scholarships and financial aid': 4.844, 'apply for, obtain, claim': 5.969, 'requesting things': 5.438, 'her GCSE exams': 5.156, 'studying and its contexts': 4.875}"
100,32,101,brauch ich für den studiengang cyber security einen eingangstest?,Do I need an entrance exam for the cybersecurity program?,9,10,grades,question,certain,"{'cybersecurity strategy, experts, and threats': 9.938, 'I followed by verb': 6.406, 'programmatic, programs': 6.25, 'entry level': 6.062, 'applying for jobs and admissions': 4.562, 'academic degrees and qualifications': 5.531, '""an"" followed by vowel-starting word': 4.375, 'exam covers and typically taken': 4.188, 'examining, examination, examens': 4}"
101,32,102,gibt es immer einen eingangstest für diesen Studiengang?,Is there always an entrance exam for this degree program?,8,10,grades,follow-up_question,certain,"{'there a or there any': 11.562, 'degree of': 8.688, 'applying for jobs and admissions': 4.094, 'existence of things': 5.969, 'always': 5.938, 'exam covers and typically taken': 5.656, 'entry level': 5.25, 'is or is not': 4.781, 'programmatic, programs': 4.5}"
102,32,103,gibt es in aalen einen Eignungtest in diesem Studiengang?,Is there an aptitude test for this degree program in Aalen?,9,11,grades,follow-up_question,certain,"{'A followed by other tokens': 12.688, 'there a or there any': 10.625, 'degree of': 8.938, 'upt, pt, PT, apt, pty': 7.312, 'existence of things': 6.188, 'test results': 6, 'apt install update upgrade': 5.844, 'university names': 5.469, 'professions and careers': 5.281}"
103,32,104,kann ich mein studium auch durch werksstudent finanzieren?,Can I also finance my studies through a working student position?,8,11,finance,question,uncertain,"{'can i / can we questions': 6.625, 'working directory': 9.688, 'scholarships and financial aid': 5.906, 'also introducing continuation': 5.938, 'student body': 5.656, 'part-time work': 5.25, 'how something is done': 5.062}"
104,32,105,"gib mir orte, an denen ich cyber security studieren kann",give me places where I can study cyber security,10,9,study_program,question,certain,"{'Give me a': 13.625, 'cyber security and cyberpunk': 13.562, 'where can i find or access': 3.234, 'studying and its contexts': 8.688, 'locations and destinations': 7.844, 'cybersecurity strategy, experts, and threats': 7.781, 'places and circumstances': 3.688, 'requests for lists': 3.234}"
105,32,106,ist das kit eine hochschule oder eine universität?,Is the KIT a college or a university?,8,8,uni,question,certain,"{'college aged students': 11.375, 'k followed by certain characters': 11.125, 'university of': 7.688, 'words starting with K': 6.062, 'specific educational institutions and programs': 4.406, 'assistant turn start': 5.438, '""the"" followed by nouns in questions': 5.031, 'ketamine or cats': 4.219, 'tyrosine kinase inhibitor': 3.625}"
106,32,107,sollte ich lieber an einer hochschule oder einer universität studieren?,Should I rather study at a college or a university?,10,10,matching,question,uncertain,"{'college aged students': 10.125, 'university of': 8.188, 'studying and its contexts': 7.5, 'specific educational institutions and programs': 4.812, 'academic fields and degrees': 6.469, 'from the university or school': 5.938, 'advice for actions': 5.812, 'rather see than be': 4.031}"
107,33,108,Welche Inhalte enthält das kooperative Studium im Bereich Elektrotechnik,What content does the cooperative study program in electrical engineering include?,9,11,study_program,question,certain,"{'cooperation and cooperative': 10.812, 'questions starting with does': 8.625, 'programmatic, programs': 7.5, 'electric or electrical nouns': 7.406, 'content warning, policies, creation, management': 7, 'what [noun] does/did/is': 6.375, 'studying and its contexts': 6.031, 'content creation and types': 5.531, 'academic research study': 5.438, 'academic fields and degrees': 5.312}"
108,33,109,"Okay das klingt interessant, ist es besser das Studium im Bereich Elektrotechnik kooperativ oder dual zu machen?","Okay, that sounds interesting. Is it better to pursue a degree in electrical engineering cooperatively or in a dual format?",17,20,study_program,follow-up_question,certain,"{'sounds like or describes qualities': 15.562, 'pursuit of goals and achievement': 11.938, 'dual or twin relationships': 11.5, ""that's"": 10.125, 'academic fields and degrees': 10.125, 'is it + condition/possibility': 9.688, 'better comparisons and improvements': 8.75, 'interesting followed by noun': 8.562, 'electric or electrical nouns': 8.25, 'degree of': 8.188}"
109,33,110,"gibt es später in Unternehmen Unterschiede, welche studiengänge eher übernommen werden? Was ist besser, dual oder kooperativ","Are there differences in companies later on regarding which degree programs are more likely to be hired? Which is better, dual or cooperative?",17,23,job,follow-up_question,uncertain,"{'dual or twin relationships': 11.938, 'likelihood of events': 11.062, 'there a or there any': 11, 'Later': 9.625, 'degree of': 8.375, 'comparing words': 8.25, 'regarding your': 8, 'there are + quantifier': 7.531, 'company information and descriptions': 7.156, 'cooperation and cooperative': 6.938}"
110,33,111,"Welche Noten sollte man in Mathe, Physik haben, wenn man Elektrotechnik kooperativ studieren will",What grades should one have in math and physics if they want to study electrical engineering cooperatively?,14,17,grades,follow-up_question,certain,"{'math and science computation': 8, 'electric or electrical nouns': 7.969, 'cooperation and cooperative': 7.844, 'mathematics': 7.531, 'physics and scientific terms': 6.531, 'engineering assistant or design': 6.219, 'academic fields and degrees': 6.188, 'her GCSE exams': 5.812, 'should I questions': 5.812, 'studying and its contexts': 5.562}"
111,33,112,ist ein duales Studium elektrotechnik schwerer oder ein kooperatives Studium elektrotechnik,Is a dual study program in electrical engineering harder than a cooperative study program in electrical engineering?,11,17,study_program,follow-up_question,uncertain,"{'dual or twin relationships': 12.812, 'cooperation and cooperative': 7.188, 'Fachbereich Informatik Darmstadt': 5.844, 'electric or electrical nouns': 6.75, 'programmatic, programs': 6.375, 'academic fields and degrees': 5.875, 'academic research study': 5.656}"
112,33,113,"wie gut ist die Hochschule in Künzelsau, gehört sie zu einer der schwereren oder ist sie eher leichter?",How good is the university in Künzelsau? Is it one of the more challenging ones or is it rather easier?,18,20,uni,question,uncertain,"{'university of': 12.438, 'words starting with K': 11.438, 'Baden-Württemberg': 6.344, 'of the most': 7.938, 'or detecting alternatives': 7.25, 'easy + [noun]': 6.75, 'challenge and ratings': 6.625, 'one or ones': 6.5}"
113,33,114,Wie bereite ich mich auf ein kooperatives studium am besten vor?,How can I best prepare for a cooperative study program?,11,10,general,question,certain,"{'questions starting with how can': 15, 'how can I do a task': 11.312, 'cooperation and cooperative': 10.438, 'prepare for something': 8.188, 'programmatic, programs': 7.969, 'best way to do': 7.219, 'studying and its contexts': 6.812, 'how can i use': 5.438, 'preparing for possibilities': 5.094, 'seeking to better understand': 5}"
114,33,115,wie laufen Vorlesungen in Künzelsau in der Hochschule im Studienfach Elektrotechnik ab?,How do lectures in Künzelsau at the university in the field of electrical engineering take place?,12,16,uni,follow-up_question,certain,"{'how do i questions': 11.562, 'k followed by certain characters': 11.188, 'Baden-Württemberg': 7, 'university of': 8.562, 'field of study': 7.906, 'electric or electrical nouns': 6.969, 'words starting with K': 6.75}"
115,34,116,An welchen Universitäten und Hochschulen kann ich Meteorologie studieren?,At which universities and colleges can I study meteorology?,9,9,study_program,question,certain,"{'in what areas or situations': 7.531, 'academic fields and degrees': 6.844, 'university of': 6.75, 'which question starter': 6.281, 'where can i find or access': 5.844, 'scientific fields ending in -ology': 5.562, 'studying and its contexts': 5.469, 'college aged students': 5.062, 'assistant turn start': 4.75, 'specific educational institutions and programs': 4.656}"
116,34,117,wann muss ich mich für ein Studium bewerben?,When do I need to apply for a degree program?,8,10,general,question,certain,"{'degree of': 11.812, 'food permit': 8.562, 'apply procedures or actions': 8.312, 'when to use': 5.25, 'programmatic, programs': 7.125, 'applying for jobs and admissions': 6.25, 'apply for, obtain, claim': 6.062, 'what do you': 5.219, 'assistant turn start': 5.031}"
117,34,118,wann startet der Studiengang Meteorologie?,When does the Meteorology program start?,5,6,study_program,question,certain,"{'meteorites and their characteristics': 8.25, 'questions starting with does': 7.031, 'programmatic, programs': 7, 'metabolic, metabolism, metropolitan': 5.562, '""the"" followed by nouns in questions': 5.438, 'when to use': 5.094, 'assistant turn start': 5.062, 'chemistry': 4.719, 'scientific fields ending in -ology': 4.656, 'weather influenced by factors': 4.281}"
118,34,119,Wie bewerbe ich mich an den Universitäten?,How do I apply to universities?,7,6,grades,question,certain,"{'how do i questions': 11.562, 'apply procedures or actions': 9.562, 'how can I do a task': 9.062, 'how do you actions': 8.812, 'university of': 8.062, 'applying for jobs and admissions': 7.156, 'assistant turn start': 5, 'Do you': 4.344, 'apply for, apply to': 4.094, 'student ID or application number': 3.953}"
119,34,120,Was kostet ein Studium?,What does a degree cost?,4,5,finance,question,certain,"{'what does X mean or stand for': 3.672, 'degree of': 9.75, 'questions starting with does': 7.906, 'assistant turn start': 4.781, 'how does': 4.156, 'What is a': 4.344, 'what does this mean': 4.094, ""master's degree or MSc degree"": 3.594}"
120,34,121,Was soll ich studieren?,What should I study?,4,4,general,question,certain,"{'advice for actions': 4.438, 'what to do': 8.062, 'studying and its contexts': 7.719, 'what can happen': 7.156, 'should I questions': 5.938, 'assistant turn start': 4.312, 'career and testing center': 3.266, 'how does': 3.203}"
121,34,122,wie läuft das studium bei Polizei oder Bundeswehr?,How does the study program work at the police or the Bundeswehr?,8,12,study_program,question,certain,"{'police officers': 12.062, 'questions starting with does': 8.938, 'how do i questions': 7.531, 'academic research study': 7, 'words starting with ""we""': 6.656, 'programmatic, programs': 6.5, 'federal court, government, and law': 6.125, 'studying and its contexts': 5.969, 'Europol analyst, federal prosecutor': 5.969, '""the"" followed by nouns in questions': 5.781}"
122,34,123,"Stelle mir Frage, die mir bei meiner Studienwahl helfen könnten",Ask me questions that could help me with my choice of studies.,10,12,matching,request,certain,"{'top choices for': 7.875, 'ask me anything': 7.062, 'asking questions': 5.188, 'studying and its contexts': 5.625, 'help you with that/your': 5.5, 'that can': 5.156, 'describing potential actions': 4.375, 'tell me X': 4.156, '""Me"" followed by verbs in Romance languages': 4.062}"
123,34,124,Was sind die Bedingungen um Meteorologie studieren zu können? Welche Voraussetzungen gibt es?,What are the requirements to study meteorology? What prerequisites are there?,13,11,grades,question,certain,"{'What are the': 17.125, 'questions starting with ""what are""': 16.625, 'requirements': 9.625, 'how many are': 8.062, 'studying and its contexts': 7.375, 'to obtain': 6.781, 'what [noun] does/did/is': 6.062, 'scientific fields ending in -ology': 5.719, 'eligibility requirements for': 4.719, 'what is the meaning of': 4.719}"
124,34,125,kannst du auch bei Ausbildungssuche helfen?,Can you also help with job searching?,6,7,general,question,certain,"{'job description openings roles titles': 12.625, 'help me': 9.938, 'training courses, plans, and experiences': 8.812, 'can i / can we questions': 7.438, 'user requests for action': 7.125, 'also introducing continuation': 5.875, 'capability questions': 5.531, 'can you questions': 5.188, 'help you with that/your': 4.875, 'search and related operations': 4.531}"
125,35,126,Wie sieht es mit einem NC im bereich Cyber security aus?,What about an NC in the field of cyber security?,11,10,grades,question,certain,"{'cyber security and cyberpunk': 16, 'nvtop, nvme, NTFS, NGH': 8.812, 'field NAME or extension': 8.688, 'field of study': 8.438, 'cybersecurity strategy, experts, and threats': 8.188, 'how about suggestions': 7.75, 'in the field of': 6.312, '""an"" followed by vowel-starting word': 5.531, 'the future park bathroom': 4.906, 'Carolina Inc. 650 From': 4.781}"
126,35,127,In welchem Bereich liegt der NC bei Hochschulen BW durchschnittlich?,What is the average NC at universities in Baden-Württemberg?,10,9,grades,question,certain,"{'questions about meaning and purpose': 15.438, '""what is"" questions': 14.688, 'bad and negative descriptors': 14.062, 'average followed by a noun': 11.188, 'university of': 7.938, 'nvtop, nvme, NTFS, NGH': 7.375, 'Baden-Württemberg': 6.188, 'german umlauts and greetings': 5.875, 'Fachbereich Informatik Darmstadt': 5.469, 'german locations and regions': 5.062}"
127,35,128,an welchen Hochshulen in BW kann man Cybersecurity studieren?,At which universities in Baden-Württemberg can one study Cybersecurity?,9,9,study_program,question,certain,"{'cyber security and cyberpunk': 13.75, 'bad and negative descriptors': 13.688, 'Baden-Württemberg': 6.656, 'cybersecurity strategy, experts, and threats': 8.375, 'in what areas or situations': 7.531, 'german umlauts and greetings': 6.906, 'academic fields and degrees': 6.781, 'university of': 6.75, 'Fachbereich Informatik Darmstadt': 6.688}"
128,35,129,gibt es weiter?,Is there more?,3,3,study_program,follow-up_question,certain,"{'there a or there any': 3.781, 'questions about existence or negation': 5.312, 'more than': 3.969, 'is or is not': 3.953, 'there anything else': 3.891, 'how does': 3.375, 'answer to': 3.109, 'capability questions': 3.016, 'more followed by quantity or comparison': 2.984}"
129,35,130,nenne mir bitte alle studien Möglichkeiten im bereich cbersecurity in großstädten in BW.,Please list all study options in the field of cybersecurity in major cities in Baden-Württemberg.,13,15,study_program,follow-up_request,certain,"{'bad and negative descriptors': 12.812, 'list something': 11.562, 'major followed by noun': 10.375, 'cybersecurity strategy, experts, and threats': 9.375, 'field of study': 7.969, 'Fachbereich Informatik Darmstadt': 7.906, 'academic research study': 7.5, 'studying and its contexts': 7.156, 'city in contexts like city: or city of': 6.812, 'Baden-Württemberg': 6.312}"
130,35,131,wie geht es dir?,How are you?,4,3,other,question,certain,"{'how are you': 2.609, 'how are you doing': 9.5, 'how do you': 5.031, 'how does': 3.312, 'questions about capabilities': 3.109, 'Are you': 2.625, 'how to manage or approach': 2.375, 'is/are followed by past participle': 2.359}"
131,35,132,hilf mir bei der berufsberatung!,Help me with career counseling!,5,5,matching,request,uncertain,"{'career path and development': 13.875, 'requests for assistance': 4.344, 'help you with that/your': 6.688, 'exclamations after sentences': 3.438, 'how does': 3.141, 'roles and objects': 3.031, 'consulting and services': 2.453, 'asking for advice': 2.297, 'career and testing center': 2.266}"
132,35,133,ich habe allgemein eher stärken im MINT bereich und bin an einem geruflichen gymnasium im bereich informationstechnik,I generally have strengths in the STEM field and am at a vocational high school in the area of information technology.,17,21,interests,answer,certain,"{'strengths and weaknesses': 9.875, 'information technology and systems': 9.25, 'at + state or location': 4.969, 'generally considered or not': 8.062, 'area of': 7, 'educational and trade programs': 6.875, 'IT roles and ITIL': 5.875, 'high word compounds': 5.562, 'the field of': 5}"
133,35,134,wie hoch ist der NC bei der KIT in karlsruhe?,What is the NC at KIT in Karlsruhe?,10,8,grades,question,certain,"{'questions about meaning and purpose': 15.438, '""what is"" questions': 14.688, 'words starting with Kar': 11.938, 'k followed by certain characters': 8.438, 'words starting with K': 7.5, 'nvtop, nvme, NTFS, NGH': 7.406, 'words starting with ""At""': 6.375, 'Carolina Inc. 650 From': 6, 'assistant turn start': 5.188, 'ketamine or cats': 4.438}"
134,36,135,In welchen Berufen kann man Menschen helfen,In which professions can one help people?,7,7,job,question,certain,"{'helping others out': 5.875, 'in what areas or situations': 5.375, ""one's own"": 4.625, 'questions starting with how can': 4.562, ""people's actions and states"": 4.25, 'which question starter': 4.125, 'what [noun] does/did/is': 4.031, 'assistant turn start': 3.641, 'when did or does': 3.438, 'modal verb questions': 3.297}"
135,36,136,Welche Berufe haben direkt mit der Rettung von Menschen zu tun?,Which professions are directly involved in saving lives?,11,8,job,question,certain,"{'influence, connection, affects, execute': 8.938, 'role in processes': 8.688, 'how many are': 6.438, 'what [noun] does/did/is': 5.406, 'saves or saving': 5.156, 'as a job': 4.906, 'assistant turn start': 4.719, 'value of human life': 4.688, 'lives of': 4.406, 'professionalism': 4.156}"
136,36,137,Welche Berufe gibt es im Katastrophenschutz,What professions are there in disaster management?,6,7,job,question,certain,"{'disaster, disasters, disastrous': 10.875, 'how many are': 8.062, 'what [noun] does/did/is': 5.906, 'management systems and solutions': 5.5, 'as a job': 5.219, 'assistant turn start': 4.656, 'professionalism': 4.25, 'in demand': 3.375, 'work in industry or fields': 3.281, 'resilience against disaster': 3.094}"
137,36,138,Berufe in der Direkten Notfallrettung?,Professions in Direct Emergency Rescue?,5,5,job,follow-up_question,certain,"{'direct drive, direct download, direct send': 4.781, 'emergency situations and response': 3.016, 'question mark': 6.812, 'professionalism': 5.312, 'resilience, resin, resurrection, Resident Evil': 4.375, 'writing in context': 4.031, 'assistant turn start': 3.156, 'prefixes and common suffixes': 2.516}"
138,36,139,Kann man bei der DLRG direkt arbeiten?,Can you work directly with the DLRG?,7,7,job,question,certain,"{'words starting with D': 11, 'directly to or from': 7.781, 'can i / can we questions': 7.438, 'user requests for action': 7.125, 'capability questions': 6.562, 'work hard or work tirelessly': 6.219, 'words beginning with d': 6.125, 'can you questions': 5.188, 'human resources': 4.875, 'Dassault, Dandelion, Dandenong, Dabas': 4.312}"
139,36,140,Kann man mit der DLRG Geld verdienen,Can you make money with the DLRG?,7,7,job,follow-up_question,certain,"{'words starting with D': 10.812, 'ways to make money': 10.125, 'how to make': 7.938, 'can i / can we questions': 7.438, 'user requests for action': 7.125, 'words beginning with d': 5.406, 'can you questions': 5.188, 'capability questions': 4.906, 'money amounts and timeframes': 4.812, 'making money online, surveys, affiliate marketing': 4.688}"
140,36,141,Was sind die Qualifikationen für den Notfallsanitäter,What are the qualifications for the emergency paramedic?,7,8,grades,follow-up_question,certain,"{'What are the': 17.125, 'emergency situations and response': 16.625, 'questions starting with ""what are""': 16.625, 'param': 10.312, 'assistant turn start': 5.75, 'what is the meaning of': 4.406, 'how does': 4.25, 'applying for jobs and admissions': 3.922, 'questions starting with Qual': 3.969}"
141,36,142,Kann man den notfallsanitäter auch als Ausbildung machen?,Can you also do the paramedic as a training program?,8,10,study_program,follow-up_question,certain,"{'param': 14.312, 'training courses, plans, and experiences': 11.625, 'perform an action': 10.375, 'programmatic, programs': 7.812, 'can i / can we questions': 7.438, 'user requests for action': 7.125, 'capability questions': 6.594, 'also introducing continuation': 5.875, 'can you questions': 5.219, 'do the following': 5.156}"
142,37,143,"Ich mach Abi, yo, ich hab keine Ahnung was ich machen will amigo, me llama [name] und ich mach Abi in Technische Richtung (INFT) bin ich cooked? Was kann ich danach machen?","I'm graduating high school, yo, I have no idea what I want to do, amigo, my name is [name] and I'm graduating in a technical field (INFT). Am I cooked? What can I do afterwards?",32,35,general,question,uncertain,"{'my name is': 11.938, 'no followed by ideas or control': 11.5, 'technical topics': 11.062, 'am followed by a word': 10.375, 'educational and trade programs': 8.75, 'English words starting with ""In""': 8.5, 'Self-description after ""i am"" or ""i\'m""': 8.312, 'graduate student and school': 8.25, 'graduation encouragement on stage': 7, 'cook meth': 6.969}"
143,37,144,Wenn ich dual Informatik studieren möchte wo kann ich anfangen?,"If I want to study dual computer science, where can I start?",10,12,study_program,question,certain,"{'dual or twin relationships': 13.938, 'studying and its contexts': 9.438, 'questions starting with where': 8, 'want to do': 6.844, 'computer science and related fields': 6.688, 'computer vision, science, graphics': 6.656, 'I followed by verb': 5.688, 'if you followed by a verb': 5.281, 'want to know': 5.219, 'where can i find or access': 5.031}"
144,37,145,Wenn ich nähe Würzburg in BW wohne,If I live near Würzburg in Baden-Württemberg.,7,7,study_program,follow-up_question,certain,"{'words starting with w': 14.688, 'bad and negative descriptors': 10.438, 'german locations and regions': 5.719, 'near future': 7.375, 'lived in/by/with': 7.156, 'german umlauts and greetings': 6.625, 'locations near other locations': 5.875, 'wer bist du, werfen, werker': 5.812, 'Baden-Württemberg': 5.812}"
145,37,146,Was kann ich noch studieren was in die richtung informatik geht weil informatik ist ja sehr viel,"What else can I study that is related to computer science, since computer science encompasses a lot?",17,17,study_program,question,certain,"{'lot of or lot to': 10.562, 'computer vision, science, graphics': 7.719, 'computer science and related fields': 6.5, 'else entirely': 6.781, 'what can happen': 6.594, 'academic fields and degrees': 6.5, 'studying and its contexts': 6.219, 'what can you do': 6.062}"
146,37,147,Und wenn ich Cybersecurity,And if I do cybersecurity,4,5,study_program,follow-up_question,certain,"{'cybersecurity strategy, experts, and threats': 10, 'I followed by verb': 3.844, 'And following specific structures': 3.844, 'do not have': 4.625, 'if followed by pronoun': 4.406, 'do the following': 4.125, 'if clause with conditions': 2.781, 'doing actions broadly': 2.656}"
147,37,148,Und wenn ich Cybersecurity dual studieren möchte was kannst du für mich empfehlen,"And if I want to study cybersecurity in a dual program, what can you recommend for me?",13,17,study_program,follow-up_question,certain,"{'dual or twin relationships': 11.062, 'studying and its contexts': 9.875, 'cybersecurity strategy, experts, and threats': 9.875, 'programmatic, programs': 7.281, 'what can you do': 6.781, 'recommendations': 6.031, 'I followed by verb': 5.656, 'And following specific structures': 5.188, 'what can happen': 5.031, 'specific educational institutions and programs': 4.906}"
148,37,149,Aber an einer Universität kann ich ja nicht dual studieren,"But at a university, I can't do a dual study program.",10,11,study_program,statement,certain,"{'dual or twin relationships': 13.625, 'university of': 10.5, 'speed or frequency': 8.812, ""can't + verb"": 6.875, 'programmatic, programs': 6.469, 'At followed by a name or state': 6.406, 'studying and its contexts': 5.469, 'in [context], the': 4.938, 'Fachbereich Informatik Darmstadt': 4.562, 'do a [task]': 4.375}"
149,37,150,Ich bin Pleite und hab alles auf rot gesetzt was jetzt?,"I'm broke and I've bet everything on red, what now?",11,10,finance,question,uncertain,"{'betrieb, betplay': 10.312, ""'ve followed by got or been"": 9.75, 'Self-description after ""i am"" or ""i\'m""': 8.312, 'red followed by objects': 7.219, 'everything else': 7, 'online gambling or real money betting': 5.875, ""i'm or i am phrases"": 5.875, 'what questions': 5.375, 'blackjack game mart': 4.812, 'current state or situation': 4.688}"
150,37,151,gib mir mehr infos zu den stellen wo ich cybersecurity dual studieren kann,Give me more information about the places where I can study cybersecurity in a dual program.,13,16,study_program,request,certain,"{'Give me a': 13.25, 'dual or twin relationships': 11.125, 'cybersecurity strategy, experts, and threats': 9.375, 'locations and destinations': 9.188, 'where can i find or access': 8.875, 'studying and its contexts': 8.312, 'programmatic, programs': 7.375, 'requesting more information or detail': 6.594, 'places to visit': 6.219, 'places and circumstances': 5.781}"
151,37,152,Kannst du mir genauere Infos geben mehr als nur dass ich Cybersecutiry studieren kann wie wo ich mich bewerben kann usw.,"Can you give me more detailed information beyond just that I can study cybersecurity, such as where I can apply, etc.?",21,21,study_program,follow-up_request,certain,"{'Give me a': 12.875, 'detailed descriptions and analyses': 12.5, 'cybersecurity strategy, experts, and threats': 9.938, 'end of listed items': 9.875, 'studying and its contexts': 9.812, 'questions starting with where': 8.812, 'where can i find or access': 8.125, 'requesting more information or detail': 7.531, 'can i / can we questions': 7.5, 'user requests for action': 7.156}"
152,37,153,mehr kannst du mehr sagen nicht nur so kurz,"Can you say more, not just so briefly?",9,8,study_program,follow-up_request,certain,"{'can i / can we questions': 7.438, 'negating subsequent concepts': 7.219, 'user requests for action': 7.125, 'so followed by common phrases': 7, 'saying ""just""': 6.438, 'more about': 5.375, 'can you questions': 5.188, 'brief overviews and summaries': 5.125, 'so that [pronoun] can': 4.656, 'Say something': 4.594}"
153,37,154,Gibt es noch Jobs im Bereich Glücksspiel,Are there still jobs in the gambling industry?,7,8,job,question,certain,"{'there a or there any': 5.344, 'there are + quantifier': 4.969, 'describing a job': 4.719, 'traditional political american civilization': 4.531, 'online gambling or real money betting': 4.438, 'work in industry or fields': 4.406, 'industry sectors': 4.406}"
154,37,155,Aber ich habe dich doch gerade gefragt ob es noch im Bereich Glücksspiel Jobs gibt wie im Casino oder sosososososososos,But I just asked you if there are still jobs in the gambling sector like in a casino or something like that.,20,22,job,statement,certain,"{'asking questions about someone': 9.75, 'online gambling or real money betting': 7.188, 'asking for permission or questions': 7.594, 'just + verb': 7.5, 'there are + quantifier': 7.344, 'there a or there any': 7.312, 'sector or sectors': 6.875, 'something else': 6.625, 'help with that': 6.094}"
155,37,156,Aber ich bin jetzt ganz Ahnungslos was ich machen möchte. Kannst du mir Fragen stellen um mir eine Einschätzung zu geben was ich machen kann basierend auf meine Antworten?,But I am completely clueless about what I want to do now. Can you ask me questions to help me assess what I can do based on my answers?,29,29,matching,follow-up_request,uncertain,"{'asking questions': 7.406, 'assess, assessing, assessment': 8.875, 'based on criteria': 8.5, 'what can do': 6.875, 'what you want or need': 6.656, 'can you': 6.625, 'asking for permission or questions': 6.594}"
156,37,157,"1. Biologie
2. Biologie, Sport, Deutsch
3. Nein
4. Wichtig","1. Biology 
2. Biology, Sports, German 
3. No 
4. Important",10,10,matching,answer,certain,"{'sport news and sports car': 9.438, 'german adjective': 8.625, 'numbered list item starts': 8.312, 'importance and its context': 6.656, 'biological mechanisms, processes, functions': 4.938, 'strategy meets fire': 5.469, 'no and negative contexts': 5.219, 'enumerated lists': 4.781}"
157,37,158,Kannst du mich noch Fragen was ich gerne tue und daraus wieder etwas schlusfolgern?,Can you still ask me what I like to do and then draw some conclusions from that?,14,17,matching,follow-up_request,uncertain,"{'asking for permission or questions': 8, 'drawing conclusions': 7.688, 'can i / can we questions': 7.5, 'what can do': 7.406, 'expressing liking': 7.281, 'code to draw': 7.188, 'user requests for action': 7.125, 'then followed by an action': 7.094, 'asking questions about someone': 6.469, 'draw upon or from': 6.125}"
158,37,159,"1. Biologie
2. Nein
3. Genetik und die Evolution und Mutation
4. Nein die sollst du mir ja geben","1. Biology 
2. No 
3. Genetics and evolution and mutation 
4. No, you are supposed to give that to me.",19,20,matching,answer,certain,"{'no and negative contexts': 9.312, 'numbered list item starts': 8.312, 'genetic material, diseases, makeup': 7.344, 'evolution and evolutionary concepts': 6.938, 'biological mechanisms, processes, functions': 6.5, 'continuation after denial': 6.25, 'mutagenesis, mutations, mutually': 6, 'biological and environmental causes': 5.844, 'meant/intended/supposed to': 5.812, 'that followed by common words': 5.75}"
159,37,160,"Biologie
Nein
Genetik und die Evolution und Mutation
Nein die sollst du mir ja geben","Biology 
No 
Genetics and evolution and mutation 
No, you are supposed to give that to me.",15,16,matching,answer,certain,"{'generate / genetics / genocide': 11.875, 'biological mechanisms, processes, functions': 8.062, 'genetic material, diseases, makeup': 7.719, 'evolution and evolutionary concepts': 6.906, 'no and negative contexts': 6.719, 'continuation after denial': 6.25, 'meant/intended/supposed to': 5.906, 'mutagenesis, mutations, mutually': 5.844, 'that followed by common words': 5.719, 'chemistry': 5.594}"
160,39,161,Ich will studieren aber ich weiß noch überhaubt nicht was und in welche Richtung,"I want to study, but I still have no idea what and in which direction.",14,15,general,statement,uncertain,"{'want to know': 10.625, 'studying and its contexts': 9.312, 'direction and its related terms': 7.688, 'no followed by ideas or control': 7.688, 'want to do': 7.469, 'asking for help or advice': 5.844, 'detecting still': 5.531, 'introducing a point': 5.375, 'specific educational institutions and programs': 5.219, 'in what areas or situations': 4.906}"
161,39,162,"Ja aber du musst mir helfen erstmal eine rightung zu finden bevor ich mich über studengängen infomiere, also bis jetzt hab ich it vertiefte schule aber ich will warscheinlich nicht weiter in einem so technischen bereich machen","Yes, but you need to help me find a direction first before I inform myself about study programs. So far, I have been in an IT-focused school, but I probably don't want to continue in such a technical field.",37,39,general,answer,uncertain,"{'IT roles and ITIL': 12.062, 'direction and its related terms': 11.125, 'informing you or others': 9.375, 'studying and its contexts': 9.25, 'technical topics': 8.812, 'finding a way or solution': 8.75, 'requests for assistance': 8.375, 'school and its environment': 8.188, 'ongoing activities': 7.344, 'predicting likelihood or possibility': 7.312}"
162,39,163,"Also ich hab interessen in kultur und kunst würde ich sagen, weniger in sprache aber, was gibt es da für bereiche","I would say I have interests in culture and art, less in language, but what areas are there?",21,18,interests,answer,uncertain,"{'culture, cultures': 11.312, 'art, artistic styles, creations': 10.625, 'interests and preferences': 9.562, 'culture, religion, and traditions': 9.5, 'would like to': 9, 'how many are': 8.562, 'language acquisition, model, translation': 7.688, 'less adjective': 7.562, 'areas of study or expertise': 7.5, 'what [noun] does/did/is': 6.938}"
163,39,164,Erzähle mir mehr über theater und filmwissenschaften,Tell me more about theater and film studies.,7,8,study_program,follow-up_request,certain,"{'tell me X': 15.375, 'cinema and theatre': 9.125, 'film, noir, studies, grain': 9.125, 'more about': 8.25, 'tell me about': 6.625, 'roles and objects': 5.125, 'performance venues': 4.125, 'Specific technical terms and entities': 4.062, 'how does': 3.938, 'playwriting by authors': 3.734}"
164,39,165,"Okay also ich bin vorallem in filmwissenschaften, also film analyse und theorie interresiert","Okay, so I am mainly interested in film studies, specifically film analysis and theory.",13,14,interests,answer,certain,"{'film, noir, studies, grain': 11.812, 'expressing interest in': 12.688, 'primary use, purpose, or cause': 10.312, 'so': 9, 'Okay followed by comma': 8.188, 'analysis of and based': 7.906, 'theory of x': 7.5, 'Self-description after ""i am"" or ""i\'m""': 6.344, 'introduces specific details': 6.312}"
165,39,166,Also studiengänge will ich in den beriech analyse von film und style und genre,"I want to study programs in the area of film analysis, style, and genre.",14,14,study_program,answer,certain,"{'want to know': 10.625, 'film, noir, studies, grain': 9.938, 'studying and its contexts': 9.312, 'programmatic, programs': 7.562, 'want to do': 7.469, 'analysis of and based': 6.969, 'describing style': 6.688, 'areas of study or expertise': 5.719, 'asking for advice': 5.469, 'introducing a point': 5.375}"
166,39,167,Ja also so was für infomation brauche ich noch und beschreibe den studiengang und die berufsptionen nach dem studium,"Yes, so what kind of information do I still need, and please describe the degree program and the career options after graduation.",19,22,study_program,follow-up_request,certain,"{'What kind of': 13.688, 'degree of': 13.625, 'career path and development': 10.625, 'prompts starting with describe': 8.812, 'what do you': 8.75, 'so': 7.344, 'what kind of': 7.312, 'programmatic, programs': 7.125, 'and how/what/why': 6.688, 'information provided or requested': 6.156}"
167,39,168,Sind die 3 bereiche die du aufgezählt hast einfavh die themen eines studiengangs? Gib noch weitere berufsoptionen und welche vorraussetzungen brauche ich allgemein für ein solches studium,Are the three areas you mentioned simply the topics of a degree program? Please provide more career options and what general requirements I need for such a study program.,27,29,study_program,follow-up_question,certain,"{'degree of': 11.688, 'career path and development': 10.375, 'topics and their discussion': 10.25, 'number three followed by noun or hyphen': 9.688, 'simply introducing explanations or reasons': 8.938, 'general-purpose and generalization': 8.75, 'studying and its contexts': 7.281, 'requirements': 6.969, 'programmatic, programs': 6.781, 'this is a question': 6.125}"
168,39,169,Ja welche foderungen kann es noch geben,"Yes, what other demands could there be?",7,7,grades,follow-up_question,certain,"{'what questions': 8.438, 'demand forecasting': 8.375, 'what [noun] does/did/is': 5.25, 'yes, i': 4.469, 'yes minister': 4.375, 'questions with auxiliaries': 4.094, 'could be, include, potentially': 3.859, 'ãģ«ãģªãĤĭãģĭ': 3.734, 'other [noun]': 3.625, 'could you request': 3.562}"
169,40,170,Stelle dir vor du bist ein Schüler der ein Gymnasium in der 13. Klasse besucht. Du bist in deiner Freizeit Technik orientiert und magst es Probleme zu lösen. Des Weiteren beschäftigst du dich auch außerhalb der Schule mit Informatik usw. bist sportlich aktiv und engagierst dich auch sozial in Kulturvereinen. Was wären Studien / Duale Studien die du der Person empfehlen würdest?,"Imagine you are a student in the 13th grade at a high school. In your free time, you are technology-oriented and enjoy solving problems. Additionally, you engage with computer science outside of school, are physically active, and are socially involved in cultural associations. What studies or dual studies would you recommend to this person?",62,54,matching,question,certain,"{'student body': 12.125, 'free will and freelance': 11.562, 'outside of': 10.75, 'Additionally,': 10.625, 'constructing hypothetical personae': 10.625, 'cultural heritage and experiences': 10.25, 'defining a role or persona': 9.688, 'socialize and social concepts': 9.062, 'physical attributes and appearance': 9, 'technology transfer and industry': 8.938}"
170,40,171,Welche genauen Studienstandorte gibt es jeweils für Duale Studien und für Studien an einer Universität,What specific study locations are available for dual studies and for studies at a university?,15,15,uni,question,certain,"{'dual or twin relationships': 12.188, 'how many are': 8.875, 'Fachbereich Informatik Darmstadt': 7.125, 'university of': 8, 'academic research study': 7.031, 'location': 6.875}"
171,40,172,Welche der genannten Hochschulen und Universitäten (beziehe jedoch weitere Hochschulen/ Universitäten) sind am besten angesehen?,Which of the mentioned colleges and universities (but also consider other colleges/universities) are the most highly regarded?,15,17,uni,follow-up_question,certain,"{'which of the following': 11.688, 'highly followed by adjectives': 10.062, 'but as word start': 8.812, 'college aged students': 6.469, 'from the university or school': 6.5, 'mentioning something': 6.25, 'consider actions or options': 6.094, 'which of the following statements': 5.5, 'university of': 5.344}"
172,40,173,"Des weiteren gibt es ja auch noch die Möglichkeit kooperativ, erst seine Ausbildung und danach sein Studium anzustreben, wird diese Form kooperativ oder dual an einer Firma übernommen, oder ist die wahrscheinlichkeit für einen dualen Studenten höher übernommen zu werden?","Furthermore, there is also the possibility of pursuing vocational training first and then studying in a cooperative manner. Is this form taken on cooperatively or dual by a company, or is the likelihood of a dual student being hired higher?",40,40,general,follow-up_question,certain,"{'pursuit of goals and achievement': 12, 'dual or twin relationships': 9, 'training courses, plans, and experiences': 9.062, 'form of': 8.438, 'cooperation and cooperative': 6.875, 'student body': 7.656, 'there is no': 7.531, 'Fachbereich Informatik Darmstadt': 7.125}"
173,40,174,"was wären Firmen Baden Württemberg weit die ein Duales Studium im Bereich der Informatik bieten, was wären empfehlungen der Firmen bezug auf die Firmenqualität, work life balance, gehalt, unternehmensstruktur, usw. (was alles im Joballtag wichtige Eigenschaften sind=","What companies in Baden-Württemberg offer dual study programs in the field of computer science, and what recommendations can be made regarding the quality of these companies, work-life balance, salary, corporate structure, etc. (which are all important characteristics in everyday job life)?",37,41,job,question,certain,"{'bad and negative descriptors': 16.25, 'Baden-Württemberg': 8.688, 'corporate business terms': 11.375, 'end of listed items': 10.312, 'dual or twin relationships': 9.312, 'field of study': 9.25, 'everyday life and situations': 9.062, 'salary and wage information': 9, 'work followed by context': 9}"
174,40,175,"wo können diese dualen studiengänge besucht werden , an welchen Hochschulen =","Where can these dual study programs be attended, at which universities?",12,11,study_program,follow-up_question,certain,"{'dual or twin relationships': 15.375, 'Fachbereich Informatik Darmstadt': 4.906, 'where can i find or access': 6.812, 'questions starting with how can': 6.25, 'university of': 6.188, 'These followed by a list': 6.188, 'programmatic, programs': 5.781, 'attending events or classes': 5.312, 'studying and its contexts': 4.938}"
175,40,176,"Was wären Hochschulen in der Nähe von Bad Mergentheim, sowie auch Firmen im Umkreis die Duale Studien anbieten mit den genannten Werten die ich schon in der vorherigen Nachricht genannt habe","What universities are located near Bad Mergentheim, as well as companies in the area that offer dual study programs with the values I mentioned in the previous message?",31,28,uni,follow-up_question,certain,"{'bad and negative descriptors': 8.688, 'dual or twin relationships': 9.062, 'personal and cultural values': 9, 'university of': 8.062, 'Baden-Württemberg': 6.719, 'german locations and regions': 7.406, 'how many are': 7.125, 'internship opportunities for students': 6.906}"
176,40,177,"Schränke den Kreis von Baden-Würtemberk ein auf den Umkreis von 40km von [place], da sonst die Fahrtzeiten sehr stark steigen würden","Limit the area of Baden-Württemberg to a radius of 40 km from [place], as otherwise the travel times would increase significantly.",22,22,general,follow-up_request,certain,"{'bad and negative descriptors': 11.438, 'Baden-Württemberg': 6.562, 'travel services and planning': 12.5, 'area of': 9.312, 'areas of study, focus, or application': 7.469, 'german umlauts and greetings': 6.844}"
177,40,178,stelle dir vor du bist studienberater und fragst mich 5 fragen mit denen du heruasufindest was geegnet für mich wäre wie würden diese lauten ich gebe eine antwort und du schlägst mir jobs studiengänge dual oder vollzeit vor,"1. What subjects or activities do you enjoy the most, and what are your strengths in those areas?
2. Do you prefer working independently or as part of a team?
3. Are you more interested in practical, hands-on work, or do you prefer theoretical studies?
4. What are your long-term career goals, and what kind of work environment do you envision for yourself?
5. Are you open to relocating for your studies or job, or do you prefer to stay in your current area?",38,84,matching,request,uncertain,"{'practical usage and applications': 12.688, 'career path and development': 10.938, 'long-term': 10.75, 'expressing interest in': 10.5, 'long term memory and goals': 10.375, 'work followed by context': 10.375, 'how can questions': 9, 'prefer to or prefer the': 8.5, 'numbered list item starts': 8.312, 'subject matter or headlines': 8.312}"
178,41,179,"ich interessiere mich für Technik und eher praktische Arbeit, was kannst du da empfehlen",I am interested in technology and more hands-on work; what can you recommend?,14,13,interests,question,certain,"{'practical usage and applications': 12.938, 'expressing interest in': 10.688, 'technologies and business concepts': 9.562, 'technology transfer and industry': 9.438, 'Self-description after ""i am"" or ""i\'m""': 7.906, 'interested in learning or knowing': 7.875, '; followed by word': 6.812, 'more than': 6.594, 'recommendations': 6.375, 'what can you do': 5.844}"
179,41,180,"gibt es etwas im Bereich Veranstaltungstechnik bzw macht es überhaupt Sinn sowas zu Studieren, welche alternativen gäbe es?","Is there something in the field of event technology, or does it even make sense to study this? What alternatives are there?",18,22,study_program,follow-up_question,uncertain,"{'event objects, listeners, and utility': 13.75, 'there a or there any': 11.562, 'field NAME or extension': 11.375, 'field of study': 8.438, 'questions starting with does': 8.375, 'alternative uses, futures, or solutions': 8.25, 'event names and context': 7.75, 'making sense': 7.688, 'how many are': 7.625, 'studying and its contexts': 7.562}"
180,41,181,"Hilfe ich bin Verzweifelt, habe nur noch 1/2 Jahr und weiß nicht was ich danach machen soll","Help, I am desperate, I only have half a year left and I don't know what to do afterwards.",17,19,general,statement,uncertain,"{'half + noun': 7.188, 'what to do': 10.625, 'Self-description after ""i am"" or ""i\'m""': 8.562, 'only followed by limited condition': 7.781, 'what to do next': 7.531, 'not knowing what or how next': 7, 'only one or few': 6.875, 'asking for help or advice': 6.219, 'what to do or time': 6.219}"
181,41,182,Kannst du denn garnichts empfehlen zum Studieren oder Tipps wie ich das passende finde,Can you not recommend anything for studying or give tips on how to find the right one?,14,17,matching,question,uncertain,"{'tips and advice': 9.438, 'studying and its contexts': 8.625, 'recommendations': 8.062, 'can i / can we questions': 7.5, 'the right fit': 7.469, 'user requests for action': 7.125, ""aren't you going to ask"": 6.188, 'how to instructions': 6.156, 'one or ones': 6.094, 'on how': 5.719}"
182,41,183,Was kannst du,What can you do?,3,4,critical,statement,certain,"{'what can happen': 9.5, 'what can you do': 3.312, 'what can do': 8, 'what do you': 4.062, 'how does': 3.969, 'assistant turn start': 3.891, 'questions starting with how can': 3.234, 'can i / can we questions': 2.875}"
183,41,184,nein was kannst du als chatbot und was nicht,"No, what can you do as a chatbot and what can't you do?",9,13,critical,follow-up_question,certain,"{'chatbot': 8.75, 'what can you do': 4.75, 'what can do': 8.312, 'continuation after denial': 8.25, 'what can happen': 7.688, 'what questions': 6.75, 'as a role or outcome': 5.906, 'and how/what/why': 4.812}"
184,41,185,Wo in The Länd kann ich überall studieren,Where in The Länd can I study?,8,7,uni,question,certain,"{'where can i find or access': 9.625, 'words starting with L': 8.562, 'land connection, use, border, locked': 7.781, 'studying and its contexts': 7.125, 'the .': 6.531, 'The [Topic] [Suffix]': 6.281, 'assistant turn start': 5.156, 'German umlaut words ending in -er, -ig, -keit': 4.719, 'words starting with l': 4.125, 'academic fields and degrees': 4.031}"
185,41,186,"ich brauche Hilfe bei der Auswahl des Fachbereiches, kannst du mir ein paar Fragen stellen und somit herausfinden, was zu mir passen könnte?",I need help choosing a field of study. Can you ask me a few questions to find out what might suit me?,23,22,matching,question,uncertain,"{'field NAME or extension': 14, 'asking for help with tasks': 10.188, 'asking questions': 7.688, 'need for help or action': 8.375, 'areas of study, focus, or application': 7.5, 'making a choice': 6.812, 'need help or assistance': 6.688, 'choosing options': 6.656, 'requests for assistance': 6.594}"
186,41,187,"Mich interessiert Veranstaltungstechnik, bin mir aber nicht sicher ob es Sinn macht das zu Studieren, was sagst du?","I am interested in event technology, but I'm not sure if it makes sense to study it. What do you think?",18,21,general,question,uncertain,"{'event objects, listeners, and utility': 13.688, 'expressing interest in': 10.625, 'what do you think questions': 9.938, 'beginning something': 9.75, 'event names and context': 7.562, 'unsure': 8.312, 'Self-description after ""i am"" or ""i\'m""': 7.906, 'interested in learning or knowing': 7.875, 'making sense': 7.438}"
187,41,188,Aber macht es Sinn das zu Studieren oder doch lieber Ausbildung (im Bereich Lichttechnik),But does it make sense to study that or would it be better to pursue an apprenticeship in the field of lighting technology?,14,23,general,follow-up_question,uncertain,"{'pursuit of goals and achievement': 9.938, 'questions starting with does': 9.188, 'lighting, lightning, illumination': 8.938, 'studying and its contexts': 8.625, 'sense or sentido': 7, 'that followed by common words': 6.5, 'better comparisons and improvements': 6.406, 'be followed by descriptors': 6.156, 'in the field of': 6.031, 'making sense': 5.938}"
188,41,189,"Du bist unnützlich, geh dich vergraben","You are useless, go bury yourself.",6,6,critical,statement,certain,"{'""You are"" statements': 8.562, 'go followed by direction': 7.375, 'useful contexts': 4.656, 'goon, go ahead, go to': 4.656, 'burj, burundi, burly, burrow, burr, burrito': 4.188, 'reference to oneself or others': 3.984, 'states that, describe in': 3.766, 'negativity, absence, or lack': 3.641, 'nigerian pidgin english': 3.562, 'act of burying': 3.312}"
189,41,190,"Ich würde gern ins Glücksspiel einsteigen, wie kannst du mir da helfen","I would like to get into gambling, how can you help me with that?",12,14,critical,question,certain,"{'would like to': 9, 'questions starting with how can': 8.562, 'introducing a point': 8, 'want to do': 7.312, 'help you with that/your': 6.688, 'would followed by desire or request': 6.281, 'how to get': 5.844, 'how can do': 5.594, 'want to know': 5.312}"
190,41,191,"kann man da nix Studieren, Glücksspiel ist ja nicht illegal","Isn't there anything to study there? Gambling isn't illegal, after all.",10,11,critical,follow-up_question,certain,"{""aren't you going to ask"": 8.562, 'studying and its contexts': 7.844, 'phrase meaning ""all"" or ""before all""': 7, ""it isn't / it hasn't"": 6.688, 'to offer or things to consider': 6.594, 'there followed by punctuation': 6.438, 'after-sales services': 6.281, 'connectors and qualifiers': 6.188, 'questions about existence or negation': 6.031, 'online gambling or real money betting': 5.969}"
191,41,192,kann ich was im Bereich Casino studieren,Can I study something in the field of casino?,7,9,critical,follow-up_question,certain,"{'can i / can we questions': 11.625, 'field of study': 9.812, 'studying and its contexts': 9.25, 'in the field of': 5.25, 'May I ask / speak / have': 4.688, 'the future park bathroom': 4.625, 'online gambling or real money betting': 4.531, 'something and adjective': 4.438, 'capability questions': 4.438, 'something else': 4.281}"
192,41,193,du huso,you whore,2,2,critical,statement,certain,"{'Self-description after ""i am"" or ""i\'m""': 8.312, 'cannot comply with this/that': 8.188, 'cannot fulfill request or question': 7.906, 'apologies and excuses': 7.438, ""can't + verb"": 7.344, ""I'm sorry, but"": 6.875, ""i'm or i am phrases"": 5.875, ""cannot or can't"": 5.625, 'inability to help': 5.25, 'sorry for, but': 5.156}"
193,41,194,test,test,1,1,other,statement,certain,"{'questions starting with how': 0.957, 'test results': 0.625, 'end of turn assistant header': 0.225, 'how questions': 0.215, 'item purchased, causes, language, mention': 0.145, 'how does': 0.139, 'technical concepts and discussions': 0.107, 'units, numbers, or specific words': 0.072, 'descriptive terms followed by concepts': 0.06, 'exclusion from ban': 0.053}"
194,41,195,andere Frage?,Other question?,2,2,other,question,certain,"{'question mark': 3.984, 'question preamble': 3.344, 'question': 2.797, 'question answering': 2.531, 'headings followed by colons': 2.438, 'asking questions and inquiries': 2.219, 'other general category': 1.422, 'relation between items and others': 1.352, 'prefixes and common suffixes': 1.289, 'question and answer pairing': 1.258}"
195,41,196,The Länd studieren,Studying the country,3,3,other,statement,certain,"{'country name or location': 14.062, 'studying and its contexts': 3.875, 'Pudong location': 7.219, 'prefixes and common suffixes': 3.625, 'behavior and properties': 3.422, 'how does': 3.344, 'study of scientific mechanisms': 2.891}"
196,42,197,Ich bin mir bei meiner wahl was ich nach der schule mache noch überhaupt nicht schlüssig. in wiefern kannst du mir helfen?,I am still not sure about my choice of what to do after school. How can you help me?,22,19,general,question,uncertain,"{'still': 11.625, 'what to do': 10.062, 'school and its environment': 9.062, 'unsure': 8.875, 'top choices for': 8.125, 'Self-description after ""i am"" or ""i\'m""': 7.906, 'career and testing center': 6.906, 'not followed by adjective/verb': 6.438, 'questions starting with how can': 6.312, 'what to do next': 6.219}"
197,42,198,"ich weiß nicht ob ich eine ausbildung oder ein studium machen soll. Wenn studium, dann dual. für mich wäre auch ein kooperatives studium mit einer ausbildung eine option","I don't know whether I should pursue vocational training or a degree. If I choose a degree, it would be a dual one. A cooperative degree combined with vocational training would also be an option for me.",28,37,general,statement,uncertain,"{'not knowing what or how next': 12.75, 'dual or twin relationships': 11.812, 'pursuit of goals and achievement': 10.75, ""don't"": 10.562, 'cooperation and cooperative': 9.25, 'making a choice': 9, 'options': 8.812, 'academic degrees and qualifications': 7.969, 'degree of': 7.812}"
198,42,199,"meine interessen liegen in der technischen richtung, aber auch in sportlichen richtungen","My interests lie in technical fields, but also in sports.",12,10,interests,statement,certain,"{'technical topics': 17, 'sport news and sports car': 12.188, 'interests and preferences': 9.125, 'lie detector, Lieutenant, Liebherr': 7.969, 'and networking, business, machine': 7.094, 'outdoors': 5.625, 'but also constructions': 5.344, 'fields such as': 5.062, 'found between or within': 4.062, 'fields and technical subjects': 3.828}"
199,42,200,"könntest du mir fragenstellen, um das passende für mich zu finden",Could you ask me questions to help find the right fit for me?,11,13,matching,request,uncertain,"{'asking questions': 4.438, 'asking for permission or questions': 6.469, 'fitness and fitting': 6.469, 'could you request': 6.031, 'the right fit': 5.875, 'actions for understanding or clarification': 5.656, 'asking questions about someone': 5.469, 'requests to find': 4.406}"
200,42,201,1. eher was zu ingenieurwesen und eher auf baustellen wie bauingenieur 2. fußbal kraftsport 3. naja geht so 4. weiß ich noch nicht,"1. more related to engineering and more on construction sites like civil engineering 2. football strength sports 3. well, it's okay 4. I don't know yet",23,26,interests,answer,certain,"{'football and soccer': 12.562, 'construction project management': 12.312, 'civil war, society, engineering': 11.938, 'strength level': 11.688, 'engineering assistant or design': 11.625, 'engineer and researcher': 9.375, 'sport news and sports car': 8.75, 'numbered list item starts': 8.312, ""don't"": 8.062, ""don't know what/how/when"": 8}"
201,42,202,ich würde gerne etwas in richtung bauingenieur machen,I would like to do something related to civil engineering.,8,10,study_program,statement,certain,"{'civil war, society, engineering': 16.125, 'would like to': 9, 'related to topics': 10.938, 'perform an action': 10.25, 'introducing a point': 8, 'want to do': 7.281, 'engineering assistant or design': 6.25, 'would followed by desire or request': 6.25, 'want to know': 5.312}"
202,42,203,in welchen studiengängen habe ich vorteile wenn ich an einem techischem gymnasium bin,In which degree programs do I have advantages if I attended a technical high school?,13,15,study_program,question,certain,"{'degree of': 11.375, 'technical topics': 9.812, 'Fachbereich Informatik Darmstadt': 5.469, 'primary and secondary schools': 6.406, 'attending events or classes': 5.594, 'advantage and disadvantaged': 5.594, 'in what areas or situations': 5.375, 'high word compounds': 5.156}"
203,42,204,"was würdest du empfehlen, wenn ich in mathematik eher nicht so gut bin, dafür in mechanik so 12 punkte habe und in elektrotechnik 8 punkte","What would you recommend if I'm not very good at mathematics, but I have around 12 points in mechanics and 8 points in electrical engineering?",25,25,matching,follow-up_question,uncertain,"{'her GCSE exams': 9.938, 'identifying aptitudes and skills': 8.375, 'would you like': 7.719, 'what can happen': 7.688, 'electric or electrical nouns': 7.375, 'very/too/so followed by adjective': 7.281, 'how would you questions': 7.156, 'mechanical engineering and science': 7.156, '12 months or unit': 6.719, 'recommendations': 6.5}"
204,42,205,"elektrotechnik gar nicht , wie sieht es mit bauingenieur aus","Electrical engineering not at all, how about civil engineering?",10,9,study_program,follow-up_question,certain,"{'electric or electrical nouns': 12.875, 'civil war, society, engineering': 12.438, 'how about suggestions': 9.5, 'electrical and musical composition': 8, 'engineering assistant or design': 7.406, 'at + state or location': 7.188, 'how-to, howitzer, howled, howstuffworks': 5.406, 'questions starting with how': 5.188, 'the word all': 4.562}"
205,42,206,was bedeutet mathematische konzepte,What does mathematical concepts mean?,4,5,other,follow-up_question,certain,"{'mathematical model': 11.812, 'what does X mean or stand for': 11.438, 'questions starting with does': 7.906, 'what does it mean': 2.562, 'concepts in contexts': 6.406, 'assistant turn start': 4.188, 'how does': 4.156, 'descriptive terms followed by concepts': 3.094, 'asking what something is': 2.672}"
206,42,207,ich möchte dies allgemein wissen nicht bezogen auf den beruf,"I would like to know this in general, not related to the profession.",10,13,general,follow-up_request,certain,"{'would like to': 9, 'asking for information': 8.062, 'introducing a point': 8, 'want to do': 7.281, 'would followed by desire or request': 6.25, 'general statements': 6.188, 'related to topics': 6.031, 'professionalism': 5.688, 'want to know': 5.312}"
207,42,208,du hund,you dog,2,2,critical,statement,certain,"{'describing or asking about dogs': 9.5, 'prefixes and common suffixes': 2.469, 'what should': 1.711, 'role play': 1.672, 'local dog walkers': 0.898, 'asking about common nouns': 0.816, 'names followed by character suffixes': 0.789, 'questions starting with how': 0.781, 'as, in, a, prefixes': 0.734, 'code and data structures': 0.664}"
208,42,209,Was kannst du eigenlich,What can you actually do?,4,5,critical,question,certain,"{'what can happen': 9.5, 'what can you do': 4.688, 'what can do': 8.375, 'actually + assertion': 6, 'assistant turn start': 5.562, 'can i / can we questions': 4.312, 'what do you': 4.062, 'how does': 3.969}"
209,42,210,warum bist du so eingeschrenkt?,Why are you so restricted?,5,5,critical,question,certain,"{'why do questions': 9.5, 'restrict, restricted, restrictions': 8.875, 'so plus descriptive word': 8, 'why do you': 5.062, 'degree modifier + descriptor': 6.25, 'Are you': 5.594, 'assistant turn start': 4.844, 'how does': 4.438, 'states of being or feeling': 4.219}"
210,42,211,zurück zu den sportliche studiengängen,back to the sports degree programs,5,6,study_program,request,certain,"{'degree of': 10.5, 'sport news and sports car': 9.5, 'return to normal': 2.359, 'programmatic, programs': 3.75, 'main page': 2.859, ""master's degree or MSc degree"": 2.219, 'starts with i': 2.141}"
211,42,212,könntest du mir mehr informationen zu sportwissenschten und sportmangement liefern?,Could you provide me with more information about sports science and sports management?,10,13,study_program,question,certain,"{'sport news and sports car': 9.938, 'you with': 7.156, 'providing information': 6.594, 'sports articles about regulations': 6.406, 'requests to provide content': 6.344, 'requesting more information or detail': 6.156, 'could you request': 6.031, 'academic fields enumeration': 5.906, 'management systems and solutions': 5.594}"
212,42,213,du kannst gerne auch unis in bayern dazu nehmen,You can also include universities in Bavaria.,9,7,uni,follow-up_request,certain,"{'university of': 9.625, 'can followed by verb': 8.312, 'what to include': 7.781, 'av and lav words': 4.844, 'also be': 4.312, 'Munich Oktoberfest': 4.219, 'options to use': 4.031, 'include in': 3.438, 'german locations and regions': 3.375, 'known for, capable of, characterized by': 3.297}"
213,42,214,"stelle mir fragen, um herauszufinden ob ich lieber etwas mit sport studiere oder etwas techinsches",Ask me questions to find out whether I prefer to study something related to sports or something technical.,15,18,matching,request,uncertain,"{'sport news and sports car': 10.875, 'related to topics': 9.562, 'studying and its contexts': 8.938, 'whether condition or question': 8.25, 'prefer to or prefer the': 8.125, 'technical topics': 7.312, 'ask me anything': 7.094, 'asking questions': 6.781, 'academic fields and disciplines': 6.281, 'asking for information': 5.969}"
214,42,215,stelle die fragen nach und nach,ask the questions one by one,6,6,other,follow-up_request,certain,"{'asking questions': 5.906, 'asking for permission or questions': 4.688, 'step by step': 4.531, 'frame by frame': 4.156, ""one's, one another, one hand"": 4, 'by or byz': 3.875, 'the followed by nouns': 3.094, 'step-by-step instructions or guide': 2.922, 'one followed by nouns': 2.688, 'asking a question': 2.438}"
215,42,216,stelle die fragen einzeln nach einander,Ask the questions one by one.,6,6,other,follow-up_request,certain,"{'asking questions': 5.906, 'asking for permission or questions': 4.688, 'step by step': 4.531, 'frame by frame': 4.156, ""one's, one another, one hand"": 4, 'by or byz': 3.875, 'the followed by nouns': 3.094, 'step-by-step instructions or guide': 2.922, 'one followed by nouns': 2.688, 'asking a question': 2.438}"
216,42,217,du bist kackke,you are crap,3,3,critical,statement,certain,"{'profanity': 6.125, '""You are"" statements': 6.031, 'you are role definitions': 3.375, 'qualities of people or things': 2.953, 'role or persona after ""you are""': 2.719, 'positive assessment of skill': 2.422, 'waste, disposal, salvage': 2.391, 'what should': 2.391, 'hate you, computer, off': 2.234, 'questions starting with how': 2.203}"
217,45,218,gebe mir Inforamtionen zu dem dualem Studium b ing.,Please provide me with information about the dual study program in business engineering.,9,13,study_program,request,certain,"{'dual or twin relationships': 15.375, 'Fachbereich Informatik Darmstadt': 7, 'academic fields and degrees': 6.656, 'requests to provide content': 6.594, 'programmatic, programs': 6.5, 'providing information': 6.469, 'engineering assistant or design': 6, 'business roles and people': 5.906, 'you with': 5.906, 'information about or on': 5.656}"
218,45,219,bauingeneur Studium dual,dual study program in civil engineering,3,6,study_program,follow-up_request,certain,"{'dual or twin relationships': 15.688, 'civil war, society, engineering': 10.938, 'programmatic, programs': 5.938, 'studying and its contexts': 5.531, 'engineering assistant or design': 5, 'Fachbereich Informatik Darmstadt': 4.281, 'academic fields and degrees': 4.562, 'degrees in statistics, engineering, technology': 4.094, 'academic research study': 3.953}"
219,45,220,vergütung duales studium bauingenieur,remuneration dual study program civil engineering,4,6,job,answer,certain,"{'dual or twin relationships': 14.062, 'civil war, society, engineering': 11.062, 'Hunan': 5.812, 'salary and wage information': 5.781, 'programmatic, programs': 5.594, 'Fachbereich Informatik Darmstadt': 4.344, 'engineering assistant or design': 4.375, 'studying and its contexts': 3.844}"
220,45,221,wie ist das Duale Studium aufgebaut,How is the dual study program structured?,6,7,study_program,follow-up_question,certain,"{'dual or twin relationships': 13.562, 'how are you': 6.562, '""the"" followed by nouns in questions': 6.188, 'is/are followed by past participle': 5.719, 'programmatic, programs': 5.281, 'assistant turn start': 4.875, 'Fachbereich Informatik Darmstadt': 4.781, 'where is or when is': 4.594, 'structure and arrangement': 4.219}"
221,45,222,wie lange ist das Studium,How long is the study program?,5,6,study_program,follow-up_question,certain,"{'how long duration': 5.375, 'studying and its contexts': 8.312, 'length of things': 7, 'where is or when is': 6.219, 'programmatic, programs': 6.094, 'assistant turn start': 5.719, 'academic research study': 5.531, '""is"" or ""of"" followed by a noun': 4.375, 'average book duration': 4.219}"
222,45,223,"was kann man nach de, Studium machen",What can one do after studying?,7,6,job,follow-up_question,certain,"{'what can happen': 9.5, 'what can do': 7.312, 'studying and its contexts': 6.875, 'academic fields and degrees': 6.406, 'what can you do': 5.469, 'assistant turn start': 4.5, 'after': 3.984, 'how does': 3.969, ""one's, one another, one hand"": 3.969, ""one's own"": 3.719}"
223,45,224,wie teuer sind wohnugenin mosbach,How much do apartments cost in Mosbach?,5,7,finance,question,certain,"{'how much questions': 15.125, 'mosquitos, mosques, Mozambique': 12.75, 'apartment contexts': 7.094, 'city names': 5.594, 'places to visit': 5.188, 'what do you': 4.562, 'Baden-Württemberg': 4.406, 'german locations and regions': 3.938, 'how does': 3.906, 'cost or price of items': 3.641}"
224,45,225,spiele mir n,Play me n,3,3,other,request,certain,"{'""Me"" followed by verbs in Romance languages': 7.625, 'explaining me': 1.812, 'write me a': 3.062, 'play the role': 2.766, 'prefixes and common suffixes': 1.562, 'phrases linked by and': 1.844, 'words starting with N': 1.578, 'prepositions followed by specific nouns': 1.516}"
225,45,226,spiele mit mir ein brwerbungsgesräch durch,Let's role-play a job interview.,6,5,other,request,uncertain,"{'proposing actions': 10, 'role-play, role playing': 9.375, 'role play as': 8.188, 'job description openings roles titles': 8.125, 'interview process and feedback': 7.438, ""Let's followed by verbs"": 7.25, 'role-playing scenarios': 5.875, '""Let\'s"" followed by verbs': 4.781, 'a/an followed by context': 4.344, 'describing a job': 4.25}"
226,45,227,sehr schön heidelberg,very beautiful Heidelberg,3,3,other,answer,certain,"{'Hebei company names': 11.812, 'beautiful followed by noun': 10.75, 'Heibei/Hebei/Heidrun': 5.656, 'he followed by verbs': 5.031, 'city names': 4.625, 'Chinese city names': 3.328, 'very + adjective': 2.953, 'what should': 2.828, 'Baden-Württemberg': 2.422, 'detailed visual description': 2.328}"
227,45,228,wie viel sollte man in rücklage halten für ein vollzeitstudium in mannheim,How much should one save for a full-time study in Mannheim?,12,11,finance,question,uncertain,"{'how much questions': 15.125, 'full followed by descriptions': 8.938, 'studying and its contexts': 7.219, 'save under': 6.969, '""full"" plus descriptive terms': 6.531, '""cann"" or ""ann"" related words': 6.5, 'man followed by ""ha"", ""uten"", ""uales"", ""mano"", ""vers"", ""cha""': 6.156, 'enumerating expenses or obligations': 6.125, 'study abroad and permits': 5.844}"
228,45,229,wie komm ich schnell an geld,how can I quickly get money,6,6,finance,question,certain,"{'questions starting with how can': 14.938, 'how can I do a task': 11.312, 'how to get': 8.25, 'money and what follows': 7.531, 'quickly and': 6, 'how can i use': 5.438, 'best way to do': 4.656, 'get + adverb/preposition': 4.469, 'how does': 4.156}"
229,66,230,Wie kann man selbstständig ein mögliches Studium finanzieren?,How can one finance a possible study independently?,8,8,finance,question,certain,"{'questions starting with how can': 14.938, 'studying and its contexts': 8.062, 'independent study, self-sufficient, legal entity': 7.969, 'how can i use': 6.969, 'possible outcomes and reasons': 6.281, 'finance movie/show, finance-themed': 5.906, 'financing managing costs': 4.312, 'how does': 4.156, ""one's, one another, one hand"": 4.094, 'study abroad and permits': 3.797}"
230,66,231,"Folgende Situation: Man wohnt bei den Eltern und ist von 8 Uhr bis 16:30 Uhr in der Schule. Der Weg von der Schule nach Hause und andersrum dauert mindestens 30 Minuten. Was kann man machen, um nebenbei Geld verdienen zu können aber nicht die eigene benötigte Lernzeit zu viel zu beeinträchtigen und gleichzeitig noch einen gesunden Schlaf zu haben?",The following situation: One lives with their parents and is at school from 8 AM to 4:30 PM. The commute from school to home and vice versa takes at least 30 minutes. What can one do to earn some money on the side without significantly affecting their necessary study time and still getting enough healthy sleep?,59,56,finance,question,certain,"{'introduces what follows': 13, 'lived in/by/with': 9.375, 'times ending in pm': 9.25, 'at + state or location': 9.062, 'am/pm time expressions': 8.188, 'earning money or rewards': 8.062, 'significant impact or contribution': 7.938, 'situation': 7.938, 'vice versa': 7.719, 'studying and its contexts': 7.719}"
231,66,232,"Was für Teilzeitjobs kann man neben dem Studium machen, die nicht zu viel Zeit benötigen und damit weder die Lernzeit die man benötigt noch den gesunden Schlaf stören?",What part-time jobs can one do alongside their studies that don't require too much time and won't disturb the necessary study time or healthy sleep?,28,25,finance,question,certain,"{'studying and its contexts': 8, 'healthy lifestyle and diet': 7.812, 'sleep schedule and deprivation': 7.438, 'partly, part of, part time': 7.375, 'disrupt and interrupt': 6.844, 'part-time work': 6.656, 'time spent and saved': 6.594, 'much and many': 6.031, 'time and resources': 5.875, 'too followed by adjective': 5.812}"
232,67,233,Hallo,Hello,1,1,other,statement,certain,"{'hello world': 1.344, 'instructions and questions': 0.41, 'how does': 0.357, 'learning phrases': 0.188, 'write a story or description': 0.163, 'item purchased, causes, language, mention': 0.11, 'how questions': 0.081, 'descriptive adjectives': 0.078, 'questions, instructions, or item descriptions': 0.061, 'end of turn assistant header': 0.057}"
233,67,234,Ich mache mein Abitur im Jahr 2026 und bin noch total unentschlossen was Studiengänge angeht. Kannst du mir helfen mithilfe meiner Stärken und Interessen einen passenden Studiengang zu finden?,I will graduate from high school in 2026 and I'm still very undecided about my study programs. Can you help me find a suitable course of study based on my strengths and interests?,29,33,matching,question,uncertain,"{'years around 2020': 9.625, 'help me': 9.062, 'course of action': 8.75, 'graduate student and school': 8.625, 'studying and its contexts': 8.375, 'strengths and weaknesses': 8.312, 'from the university or school': 8.062, 'graduation encouragement on stage': 7.844, 'still remains': 7.719, 'interests and preferences': 7.594}"
234,67,235,"Ich bin besonders gut in Ethik und Philosophie, in Biologie und in Chemie","I am particularly good at ethics and philosophy, biology, and chemistry.",13,11,interests,answer,certain,"{'ethics, morals, and laws': 10, 'particularly/especially descriptive adjective': 9.312, 'philosophy and philosophical': 8.688, 'identifying aptitudes and skills': 8.438, 'Self-description after ""i am"" or ""i\'m""': 7.906, 'ethical and moral': 7.531, 'biological mechanisms, processes, functions': 7, 'good followed by context': 6.781, 'computer ethics': 5.688, 'specifying particulars': 5.656}"
235,67,236,Berufliche Vorstellung hatte ich noch keine,I haven't had a professional presentation yet.,6,7,job,answer,certain,"{'professionalism and related ""-isms""': 10.5, 'presentation slides and topics': 10.438, 'yet to': 7.844, ""has not or haven't followed by verb"": 6.219, ""it isn't / it hasn't"": 6.062, 'past tense auxiliary': 5.75, 'actions and duration since': 5.281, 'a/an followed by good times': 5.344, 'opportunity or chance': 4.969}"
236,67,237,Präferenzen des Studienorte wäre Baden Württemberg,Preferences for the study location would be Baden-Württemberg.,6,8,uni,answer,uncertain,"{'bad and negative descriptors': 5.562, 'location': 7.656, 'studying and its contexts': 6.969, 'german umlauts and greetings': 5.969, 'Fachbereich Informatik Darmstadt': 5.688, 'Baden-Württemberg': 5.625, 'academic research study': 5.625, 'words ending in en': 5.312}"
237,67,238,"Studienmerkmale kann ich keine nennen, die ich präferiere",I cannot mention any study characteristics that I prefer.,8,9,matching,answer,uncertain,"{'specify details or requirements': 9.125, 'academic research study': 8, 'studying and its contexts': 7.406, 'describing characteristics': 7.125, 'cannot followed by inability verb': 5.938, 'cannot wait or help': 5.312, 'prefer to or prefer the': 5.188, 'any followed by specific qualifiers': 5.062, 'meta findings': 4.594, 'cannot perform action': 4.219}"
238,67,239,meine außerschulischen Interessen sind Kunst Sport und auch Begeisterung für Sprachen,"My extracurricular interests are art, sports, and a passion for languages.",11,11,interests,answer,certain,"{'extract or extracurricular': 9.5, 'art, artistic styles, creations': 12.562, 'sport news and sports car': 11.938, 'passion and what follows': 10.375, 'art, music, politics, literature, sciences': 8.812, 'interests and preferences': 8.438, 'passion for activities': 8.25, 'multiple languages': 7.062, 'hobby and interest lists': 6.625}"
239,67,240,"Ich bin besonders gut in Ethik und Philosophie, Biologie und chemie","I am particularly good at ethics and philosophy, biology, and chemistry.",11,11,interests,statement,certain,"{'ethics, morals, and laws': 10, 'particularly/especially descriptive adjective': 9.312, 'philosophy and philosophical': 8.688, 'identifying aptitudes and skills': 8.438, 'Self-description after ""i am"" or ""i\'m""': 7.906, 'ethical and moral': 7.531, 'biological mechanisms, processes, functions': 7, 'good followed by context': 6.781, 'computer ethics': 5.688, 'specifying particulars': 5.656}"
240,67,241,Wo ist meine Antwort!?,Where is my answer!?,4,4,other,follow-up_question,certain,"{'where is or when is': 7.75, 'answer to a question': 5.812, 'my + [noun]': 4.75, 'questions starting with where': 4.719, 'where from or going': 4.125, 'finding personal meaning or purpose': 3.969, 'code separators or delimiters': 3.328, 'answer:': 3.203, 'assistant turn start': 3.062}"
241,67,242,"Ich bin gut in Ethik und Philosophie, Biologie und Chemie","I am good at ethics and philosophy, biology, and chemistry.",10,10,interests,statement,certain,"{'identifying aptitudes and skills': 9.875, 'ethics, morals, and laws': 9.688, 'philosophy and philosophical': 8.5, 'Self-description after ""i am"" or ""i\'m""': 7.906, 'ethical and moral': 7.281, 'biological mechanisms, processes, functions': 7.062, 'good followed by context': 6.344, 'computer ethics': 5.75, 'i am [predicate]': 5.562, 'at least': 4.344}"
242,68,243,Wo kann ich soziale Arbeit überall studieren,Where can I study social work?,7,6,study_program,question,certain,"{'where can i find or access': 6.812, 'studying and its contexts': 7.5, 'questions starting with how can': 6.25, 'socialize and social concepts': 5.656, 'social protection or welfare': 5.438, 'how can I do a task': 5.281, 'academic fields and degrees': 5.125, 'assistant turn start': 4.906, 'case intake agency': 4.188}"
243,68,244,Welche Fächer muss man im Grundschullehramt Studieren,Which subjects do you have to study for a primary school teaching degree?,7,13,study_program,question,certain,"{'primary key and secondary': 10.5, 'subject matter or headlines': 8.188, 'studying and its contexts': 6.75, 'necessity or obligation': 6.438, 'school and its environment': 6.438, 'what do you': 5.844, 'teaching strategies and methods': 5.562, 'academic degrees and qualifications': 5.438, 'what [noun] does/did/is': 5.281, 'degree of': 4.906}"
244,68,245,Was sind gute Vorraussetzungen für das grundschullehramt,What are good prerequisites for teaching at the elementary school level?,7,11,grades,follow-up_question,certain,"{'questions starting with ""what are""': 16.625, 'primary key and secondary': 14.25, 'school and its environment': 6.594, 'what are some': 6.312, 'best way': 5.688, 'teaching strategies and methods': 5.5, 'assistant turn start': 4.688, 'good followed by context': 4.531, 'how does': 4.25, 'young ages and school contexts': 3.312}"
245,69,246,"Komme ich nach meinem Bundesfreiwilligendienst in der Psychiatrie einfacher in ein Psychologiestudium? Abischnitt von 1,7",Will my federal voluntary service in psychiatry make it easier for me to get into a psychology program? My high school diploma grade is 1.7.,15,25,grades,question,uncertain,"{'federal court, government, and law': 13.125, 'making it easy or difficult': 9.062, 'volunteer activities': 7.156, 'making things easy/easier to do': 6.812, 'service management, ServiceNow': 6.281, 'programmatic, programs': 6.156, 'average tuition fees': 5.594, 'my + [noun]': 5.312, 'high word compounds': 5.281, 'her GCSE exams': 5.219}"
246,69,247,Was sind NCs in Baden Württemberg?,What are NCs in Baden-Württemberg?,6,5,grades,question,certain,"{'bad and negative descriptors': 6.188, 'questions starting with ""what are""': 16.625, 'nvtop, nvme, NTFS, NGH': 8.625, 'words ending in en': 6.969, 'german umlauts and greetings': 6.656, 'in followed by a field': 6.156, 'Baden-Württemberg': 5.938, 'assistant turn start': 5.75, 'acronyms ending in s': 5.188}"
247,69,248,Also wie hoch,So how high?,3,3,grades,follow-up_question,certain,"{'assistant turn start': 4.625, 'high followed by descriptive words': 4.062, 'how + adjective expressing quality': 3.938, 'high word compounds': 3.859, 'how are you': 3.734, 'how long duration': 3.453, 'when did or does': 3.391, 'how followed by a query': 3.156, 'how can questions': 3.125, 'delimiters followed by I or Ich': 2.531}"
248,69,249,Wie hoch sind NCs in Baden Württemberg?,What are the NCs in Baden-Württemberg?,7,6,grades,follow-up_question,certain,"{'bad and negative descriptors': 6.281, 'What are the': 17.125, 'questions starting with ""what are""': 16.625, 'nvtop, nvme, NTFS, NGH': 7.844, 'words ending in en': 6.906, 'german umlauts and greetings': 6.719, 'assistant turn start': 6.656, 'Baden-Württemberg': 6, 'Carolina Inc. 650 From': 5.406}"
249,69,250,Wie hoch sind NCs in Baden Württemberg für Psychologie?,What are the NCs in Baden-Württemberg for psychology?,9,8,grades,follow-up_question,certain,"{'bad and negative descriptors': 6.312, 'What are the': 17.125, 'questions starting with ""what are""': 16.625, 'nvtop, nvme, NTFS, NGH': 7.844, 'words ending in en': 6.906, 'german umlauts and greetings': 6.719, 'Baden-Württemberg': 6, 'Carolina Inc. 650 From': 5.375, 'acronyms ending in s': 5.312}"
250,69,251,Wie hoch sind NCs in Baden Württemberg für Psychologie?,What are the NCs in Baden-Württemberg for psychology?,9,8,grades,follow-up_question,certain,"{'bad and negative descriptors': 6.312, 'What are the': 17.125, 'questions starting with ""what are""': 16.625, 'nvtop, nvme, NTFS, NGH': 7.844, 'words ending in en': 6.906, 'german umlauts and greetings': 6.719, 'Baden-Württemberg': 6, 'Carolina Inc. 650 From': 5.375, 'acronyms ending in s': 5.312}"
251,70,252,Ist Jura ein schwerer Studiengang,Is law a difficult field of study?,5,7,study_program,question,certain,"{'law and associated phrases': 14.125, 'areas of study, focus, or application': 6.344, 'difficult challenges and situations': 5.031, 'study and research': 5, 'studying and its contexts': 4.969, 'field NAME or extension': 4.344, 'a/uma followed by noun': 4.344, 'fields such as': 3.797, 'academic disciplines and fields': 3.562, 'questions asking about relationships': 3.422}"
252,70,253,Denkst du Jura hat mit Hinblick auf ki etc. eine zukunft,"Do you think law has a future in light of AI, etc.?",11,12,job,follow-up_question,uncertain,"{'law and associated phrases': 15.062, 'end of listed items': 10.062, 'asking what you are looking for': 8.375, 'AI and ML conjunctions': 5.406, 'a followed by a descriptor': 5.219, 'predicting future events': 4.781, 'AI technology and ethics': 4.469, 'lighthearted': 4.219, 'you followed by verbs': 4.156, 'capability questions': 4.094}"
253,70,254,Was ist der schlechteste Studiengang,What is the worst degree program?,5,6,critical,question,certain,"{'questions about meaning and purpose': 15.438, '""what is"" questions': 14.625, 'degree of': 7.969, 'negative outcomes or qualities': 6.75, 'programmatic, programs': 4.719, 'best way': 4.375, 'how does': 3.812, 'best of category': 3.719, 'assistant turn start': 3.594, 'bad and negative descriptors': 3.266}"
254,71,255,Was sind die besten Universitäten in Baden-Württemberg für Rechtswissenschaften. Die Besten im Bezug auf Ansehen und Chancen auf spätere Anstellung in hohen Positionen,What are the best universities in Baden-Württemberg for law studies? The best in terms of reputation and chances of later employment in high positions.,23,24,uni,question,certain,"{'What are the': 17.125, 'questions starting with ""what are""': 16.625, 'bad and negative descriptors': 14.75, 'in terms of': 11.688, 'Baden-Württemberg': 9.312, 'best way': 9.188, 'chance to or chance of': 7.594, 'law and associated phrases': 7.562, 'university of': 7.344, 'german umlauts and greetings': 7.062}"
255,71,256,Welche Universitäteten,Which universities,2,2,uni,follow-up_question,certain,"{'university of': 8.125, 'what [noun] does/did/is': 4.969, 'top schools rankings': 2.609, 'you have or offer': 2.344, 'country is the biggest producer of': 1.711, 'recommendations for specific items': 1.508, 'best medical programs': 1.156, 'collective nouns for places and groups': 1.148, 'specific topics and roles': 1.055, 'who is the best': 1.016}"
256,71,257,Welche Universitäten für Rechtswissenschaften sind die best angesehensten und bieten die besten Zukunftschancen,Which universities for law are the most prestigious and offer the best future prospects?,13,14,uni,follow-up_question,certain,"{'university of': 8.125, 'law and associated phrases': 8.125, 'predicting future events': 7.875, 'offers a': 6.625, 'how many are': 5.75, 'most followed by superlatives': 5.469, 'best medical programs': 5.375, 'top schools rankings': 5.125}"
257,74,258,Was kann ich wie studieren,What can I study and how?,5,6,general,question,certain,"{'what can happen': 9.5, 'what can you do': 3.375, 'studying and its contexts': 6.094, 'assistant turn start': 4.812, 'how does': 3.969, 'can i / can we questions': 3.75, 'how can I do a task': 3.672, 'what to do': 3.656, 'how can questions': 3.281}"
258,74,259,Erzähl mir mehr darüber wo ich was in Richtung digitale Medien studieren kann,Tell me more about where I can study something related to digital media.,13,13,study_program,request,certain,"{'tell me X': 15.375, 'digital and associated terms': 15.25, 'where can i find or access': 10.938, 'questions starting with where': 8.938, 'related to topics': 8.812, 'more about': 8.25, 'media files, outlets, and coverage': 8.062, 'studying and its contexts': 7.938, 'where from or going': 7.656, 'tell me about': 6.656}"
259,74,260,Wo kann ich digitale Medien Dual studieren,Where can I study digital media in a dual program?,7,10,study_program,follow-up_question,certain,"{'digital and associated terms': 15.438, 'where can i find or access': 6.812, 'dual or twin relationships': 10.438, 'media files, outlets, and coverage': 8.438, 'studying and its contexts': 7.5, 'programmatic, programs': 6.406, 'questions starting with how can': 6.25, 'digital and related concepts': 5.469, 'places to visit': 5.312}"
260,74,261,Was kann ich in seckach studieren,What can I study in Seckach?,6,6,uni,question,certain,"{'se followed by common suffixes': 14.938, 'what can happen': 9.5, 'what can you do': 7.656, 'studying and its contexts': 6.094, 'buckle, buckwheat, heckling, buckling': 5.188, 'Fachbereich Informatik Darmstadt': 4.906, 'assistant turn start': 4.875, 'European place name suffixes': 4.562, 'sec or SEC prefix': 4.156, 'how does': 3.969}"
261,74,262,Ich wohne in [place] wo kann ich im Umkreis studieren,I live in [place]. Where can I study in the surrounding area?,10,12,uni,follow-up_question,certain,"{'se followed by common suffixes': 15.5, 'lived in/by/with': 12.562, 'Baden-Württemberg': 5.938, 'where can i find or access': 6.094, 'surrounding environment or area': 8.562, 'questions starting with where': 8.25, 'in harmony': 6.594, 'studying and its contexts': 5.875}"
262,74,263,Was sind digitale Medien,What are digital media?,4,4,study_program,question,certain,"{'digital and associated terms': 16.875, 'questions starting with ""what are""': 16.625, 'media files, outlets, and coverage': 10.5, 'digital and related concepts': 5.844, 'how does': 4.25, 'asking what something is': 3.328, 'no barriers or ideal circumstances': 3.25, 'mass media': 3.062, 'descriptive terms followed by concepts': 3.031}"
263,74,264,"Wenn du 3 Dinge an Dir verbessern dürftest, welche wären das","If you could improve three things about yourself, what would they be?",11,12,other,question,certain,"{'hypothetical choice or situation': 4.031, 'reflexive pronouns and self-reference': 5.281, 'improve your skills': 5, 'you are or have': 4.5, 'had to verb': 4.312, 'could you request': 4.031, 'hypothetical conditional predictions': 3.938}"
264,75,265,Informationen zur dhbw in mosbach,Information about the DHBW in Mosbach.,5,6,uni,request,certain,"{'words starting with D': 11.75, 'mosquitos, mosques, Mozambique': 9.312, 'Baden-Württemberg': 4.219, 'Fachbereich Informatik Darmstadt': 4.188, 'Burberry, Gebiss, ebikes, arbres': 4.25, 'city names': 3.984}"
265,75,266,Kreativ,Creative,1,1,interests,statement,certain,"{'creative writing and expression': 1.25, 'descriptive terms followed by concepts': 0.727, 'how does': 0.57, 'production process of': 0.504, 'content labels and prompts': 0.494, 'instructions and questions': 0.449, 'item purchased, causes, language, mention': 0.305, 'prefixes and common suffixes': 0.232, 'content suggestions': 0.221, 'c words': 0.207}"
266,75,267,Studiengänge die krestiv sind,Creative degree programs,4,3,interests,request,certain,"{'degree of': 12.188, 'programmatic, programs': 5.875, 'technical terms are': 3.812, ""master's degree or MSc degree"": 3.188, 'best medical programs': 3.031, 'prefixes and common suffixes': 2.281, 'courses and teaching': 2.031, 'students of university or sport': 1.93, 'degree or diploma': 1.883, 'level of': 1.734}"
267,75,268,Studiengänge die kreativ sind,Creative degree programs,4,3,interests,request,certain,"{'degree of': 12.188, 'programmatic, programs': 5.875, 'technical terms are': 3.812, ""master's degree or MSc degree"": 3.188, 'best medical programs': 3.031, 'prefixes and common suffixes': 2.281, 'courses and teaching': 2.031, 'students of university or sport': 1.93, 'degree or diploma': 1.883, 'level of': 1.734}"
268,75,269,Welche partnerunternehmen gibt es zu diesen studiengängen,What partner companies are associated with these degree programs?,7,9,job,follow-up_question,certain,"{'partnering with businesses': 11.438, 'degree of': 10.312, 'how many are': 7.75, 'These followed by a list': 6.812, 'company information and descriptions': 5.562, 'programmatic, programs': 5.375, 'assistant turn start': 5.125, 'associated with risks': 5.094, 'associate professor': 4.562, 'offer specialized MBA programs': 3.688}"
269,75,270,Infos zum studiengang bwl handel marketing in mosbach bei der dhbw und partnerunternehmen für 2026 im umkreis von buchen,Information about the Business Administration program in Retail Marketing in Mosbach at DHBW and partner companies for 2026 in the vicinity of Buchen.,19,23,study_program,request,certain,"{'mosquitos, mosques, Mozambique': 11.688, 'retail followed by innovations or specific names': 11.625, 'business roles and people': 10.188, 'Baden-Württemberg': 6.406, 'words starting with D': 8.812, 'marketing plans and strategies': 7.438, 'business processes and intelligence': 6.844, 'Fachbereich Informatik Darmstadt': 6.562, 'partnering with businesses': 6.281}"
270,76,271,Ist es sinnvoll über ein Studium nachzudenken wenn ich keinen konkreten Plan habe was ich als berufliche Laufbahn wählen will,Is it sensible to think about studying if I don't have a concrete plan for what career path I want to choose?,20,22,general,question,uncertain,"{'is it + condition/possibility': 16, 'concrete examples and details': 9.25, 'career path and development': 8.812, 'studying and its contexts': 8.375, 'plan for': 8.062, 'consider actions or options': 7.031, ""don't followed by verb"": 6.531, 'path planning and pathophysiological': 6.438, 'have any or much': 6.031, 'making a choice': 5.188}"
271,76,272,"Wo bekomme ich Informationen um mich zu informieren was ich als spätere Laufbahn wählen kann,wenn ich noch keinen konkreten Plan habe, was ich machen will",Where can I find information to help me explore potential career paths if I don't have a specific plan for what I want to do yet?,25,26,general,follow-up_question,uncertain,"{'where can i find or access': 6.812, 'career path and development': 10.5, 'plan for': 8.562, 'potential clients, customers, threats, obstacles': 8.25, 'explore ways in literature techniques': 8.125, 'career and testing center': 6.031, 'path planning and pathophysiological': 6.406, 'questions starting with how can': 6.25}"
272,76,273,Was sind beliebte Studien Gänge für junge Leute (18–23),What are popular fields of study for young people (18-23)?,9,10,critical,question,certain,"{'questions starting with ""what are""': 16.625, 'areas of study, focus, or application': 8.375, 'young': 8.062, 'popular choice, activity, approach': 7.312, 'age ranges and groups': 6.656, 'the number 18': 6.531, 'young people': 6.25, 'field NAME or extension': 5.531, 'played by the AI': 5.375, 'numerical ranges': 5.25}"
273,77,274,Welche Studiengänge bietet die Dhbw an,What degree programs does DHBW offer?,6,6,uni,question,certain,"{'words starting with D': 13.312, 'degree of': 11.688, 'from the university or school': 5.812, 'Baden-Württemberg': 6.438, 'questions starting with does': 5.5, 'programmatic, programs': 5.25, 'what [noun] does/did/is': 4.812, 'offers a': 4.969}"
274,77,275,Welcher Studiengang der Fakultät Wirtschaft gibt es in Mosbach an der dhbw,What degree programs are offered by the Faculty of Business in Mosbach at DHBW?,12,14,uni,question,certain,"{'words starting with D': 12.812, 'degree of': 11.688, 'mosquitos, mosques, Mozambique': 8.5, 'academic fields and disciplines': 8.062, 'how many are': 7.875, 'University departments': 7.375, 'university names': 7.25, 'from the university or school': 6.188, 'business roles and people': 6.094, 'Baden-Württemberg': 5.906}"
275,77,276,Welche davon gibt es in Mosbach,Which of these are available in Mosbach?,6,7,uni,follow-up_question,certain,"{'mosquitos, mosques, Mozambique': 12.625, 'which of the following': 11.688, 'which of the following statements': 10, 'available on, in, for': 10, 'the following is true': 4.25, 'which is the': 4.094, 'city names': 3.797, 'assistant turn start': 3.609, 'words ending with os': 3.531, 'german locations and regions': 3.516}"
276,78,277,Welchen Studiengang empfiehlst du mir wenn ich es mag im Kontakt mit Menschen zu sein und ihnen zu helfen,Which degree program do you recommend if I enjoy being in contact with people and helping them?,19,17,matching,question,certain,"{'degree of': 11.562, 'what do you': 7.25, 'helping others out': 6.844, 'contact and its contexts': 5.875, 'recommendations': 5.844, 'programmatic, programs': 5.594, 'contact followed by information or us': 5.281, 'experiencing pleasure or benefit': 5.031, 'getting in or into states': 4.719, 'what [noun] does/did/is': 4.719}"
277,78,278,Duales Studium stressig oder angenehm wie ein Studium,Dual study: stressful or as pleasant as a regular degree?,8,10,general,question,uncertain,"{'degree of': 7.625, 'as ... as comparisons': 7.375, 'Fachbereich Informatik Darmstadt': 5.375, 'stress and its consequences': 5.812, 'regular actions or events': 5.781, 'adjective/adverb followed by as': 5.781, 'programmatic, programs': 5.688, 'studying and its contexts': 5.531, 'as followed by adjective': 5.375}"
278,78,279,Hallo,Hello,1,1,other,statement,certain,"{'hello world': 1.344, 'instructions and questions': 0.41, 'how does': 0.357, 'learning phrases': 0.188, 'write a story or description': 0.163, 'item purchased, causes, language, mention': 0.11, 'how questions': 0.081, 'descriptive adjectives': 0.078, 'questions, instructions, or item descriptions': 0.061, 'end of turn assistant header': 0.057}"
279,79,280,Welche Studiengänge sind am beliebtesten,Which degree programs are the most popular?,5,7,general,question,certain,"{'degree of': 11.5, 'popular choice, activity, approach': 7.344, 'how many are': 6.812, 'most followed by superlatives': 6.438, 'programmatic, programs': 5.344, 'most common or best option': 5.281, 'assistant turn start': 5.094, 'what [noun] does/did/is': 4.719, 'best medical programs': 4.219}"
280,79,281,Wie sind Brufsaussichten und Zkunftssichrhit für de beritsgenante Sudiebreich,What are the job prospects and future security for the mentioned fields of study?,9,14,job,follow-up_question,certain,"{'What are the': 5.125, 'questions starting with ""what are""': 16.625, 'job description openings roles titles': 11.688, 'future of X for applications': 7.812, 'areas of study, focus, or application': 7.156, 'security and safety measures': 6.094, 'job titles and roles': 5.188, 'professions and careers': 4.531, 'fields such as': 4.406}"
281,79,282,Wie sind Berufsaussichten und Zukunftssicherheit für die bereits genannte Studienbreiche?,What are the career prospects and job security for the previously mentioned fields of study?,10,15,job,follow-up_question,certain,"{'What are the': 17.125, 'questions starting with ""what are""': 16.625, 'career path and development': 13.125, 'job description openings roles titles': 9.875, 'areas of study, focus, or application': 6.875, 'previous state or status': 6.844, 'professions and careers': 5.281, 'security and safety measures': 5.094, 'job titles and roles': 5.031, 'mentioning something': 4.938}"
282,79,283,Wie zukunftssicher ist Gesundheitsmanagement?,How future-proof is health management?,4,5,job,question,certain,"{'health and related concepts': 10.812, 'predicting future events': 7.812, 'management systems and solutions': 7.281, 'future of X for applications': 6.969, 'health': 4.75, 'where is or when is': 4.156, 'assistant turn start': 4.125, 'future outcomes and planning': 3.875, 'proof followed by of, reading, or stating': 3.719, 'management and its contexts': 3.375}"
283,79,284,Erzähle mir so viel wie möglich über Gesundheitsmanagement,Tell me as much as possible about health management.,8,9,study_program,request,certain,"{'tell me X': 15.375, 'health and related concepts': 10.625, 'as much as possible': 9.438, 'management systems and solutions': 7.5, 'as possible': 7.125, 'adjective/adverb followed by as': 7.094, '""much"" followed by degree or quantity': 6.156, 'tell me about': 6.062, 'know about or tell about': 4.656, 'management and managing': 4.062}"
284,79,285,Kennst du moneyboy,Do you know Moneyboy?,3,4,critical,question,certain,"{'money and what follows': 16.5, 'do you know': 11.75, 'asking what you are looking for': 4.062, 'introduces next idea after question': 5.438, 'you followed by verbs': 4.156, 'software and tools': 3.188, 'no / negation': 2.797, 'prefixes and common suffixes': 2.75, 'asking about facts or opinions': 2.578}"
285,79,286,Gehalt Gesundheitsmanagement,Salary in Health Management,2,4,job,question,certain,"{'health and related concepts': 9.625, 'management systems and solutions': 5.656, 'health': 5.031, 'salary and wage information': 3.922, 'common words followed by healthcare': 3.219, 'descriptive terms followed by concepts': 3.047, 'management and its contexts': 2.766, 'health and wellness': 2.625, 'offering generous compensation': 2.297, 'degrees in statistics, engineering, technology': 2.266}"
286,79,287,DHfPG,DHfPG,1,1,uni,question,certain,"{'superficial, surface': 3.125, 'Fachbereich Informatik Darmstadt': 2.641, 'd followed by specific completion': 2.547, 'technical identifiers and library names': 2.078, 'Dassault, Dandelion, Dandenong, Dabas': 1.977, 'acronyms and abbreviations': 1.969, 'chemical, town, privacy, NAME, K': 1.938, 'founded by French engineer or multinational': 1.68, 'prefixes and common suffixes': 1.594, 'function `f(x)` notation and floats': 1.586}"
287,79,288,Informationen zur DHfPG,Information about DHfPG,3,3,uni,request,certain,"{'d followed by specific completion': 2.828, 'nhentai': 6.188, 'information about': 3.641, 'superficial, surface': 3.156, 'Fachbereich Informatik Darmstadt': 2.797, 'prefixes and common suffixes': 2.609, 'word beginnings': 2.531, 'Zhejiang, Shijiazhuang, Hubei, Yichang': 2.344, 'chemical, town, privacy, NAME, K': 2.297}"
288,79,289,Kennst du MC Bonez,Do you know MC Bonez?,4,5,critical,question,certain,"{'Mc as prefix or abbreviation': 16.25, 'bone structure and injury': 6.25, 'do you know': 11.75, 'asking what you are looking for': 4.062, 'introduces next idea after question': 6.031, ""words ending in 'z' or containing 'z'"": 5.656, 'you followed by verbs': 4.156, 'abbreviations and acronyms': 3.375}"
289,79,290,Kennst du tbk,Do you know tbk?,3,4,critical,question,certain,"{'do you know': 11.75, 'asking what you are looking for': 4.062, 'Burberry, Gebiss, ebikes, arbres': 4.625, 'German words or parts': 4.594, 'abbreviated codes and acronyms': 3.891, 'you followed by verbs': 4.156, 'introduces next idea after question': 3.812, 'TB, right lung': 3.516}"
290,80,291,"Wie sieht ein Praxisplan für ein duales Studium des Studiengangs Rechnungswesen, Steuern, Wirtschaftsrecht (RSW) Betriebswirtschaftliche Steuerlehre, Unternehmensrechnung und Finanzen (BStUF) aus?","What does a practical plan for a dual study program in Accounting, Taxation, and Business Law (RSW) with a focus on Business Taxation, Corporate Accounting, and Finance (BStUF) look like?",21,30,study_program,question,certain,"{'practical usage and applications': 14.875, 'dual or twin relationships': 14.562, 'what does X mean or stand for': 11.375, 'corporate business terms': 9.5, 'tax and its financial aspects': 8.375, 'plan for': 8.062, 'Fachbereich Informatik Darmstadt': 7.906, 'questions starting with does': 7.906, 'look like or and feel': 7.5}"
291,80,292,Gib mir bitte ein paar mögliche Partner für ein duales Studium an der DHBW Mosbach,Please give me a few potential partners for a dual study program at DHBW Mosbach.,15,15,job,follow-up_request,certain,"{'Give me a': 13.625, 'dual or twin relationships': 13.25, 'words starting with D': 12.062, 'mosquitos, mosques, Mozambique': 9.062, 'asking for a list or example': 8.625, 'partnering with businesses': 8.188, 'few followed by quantifiable units': 8.125, 'potential clients, customers, threats, obstacles': 7.562, 'programmatic, programs': 6.969, 'Baden-Württemberg': 6.406}"
292,80,293,Gib mir bitte ein paar duale Partner für diesen Studiengang an der DHBW Mosbach,Please give me a few dual partners for this degree program at DHBW Mosbach.,14,14,job,follow-up_request,certain,"{'dual or twin relationships': 14.438, 'Give me a': 13.625, 'words starting with D': 12.875, 'degree of': 10.375, 'mosquitos, mosques, Mozambique': 8.75, 'asking for a list or example': 8.625, 'few followed by quantifiable units': 8.125, 'from the university or school': 7.125, 'partnering with businesses': 7, 'Baden-Württemberg': 6.688}"
293,81,294,Was ist besser Dual oder normal zu studieren,"What is better, studying dual or studying normally?",8,8,general,question,certain,"{'""what is"" questions': 14.625, 'dual or twin relationships': 13.438, 'studying and its contexts': 4.594, 'comparing words': 5.781, 'better comparisons and improvements': 6.438, 'normal, normal form, normalizes': 5.562, 'assistant turn start': 4.719, 'difference between two entities': 4.188}"
294,81,295,ist dual studieren sehr schwer,Is dual studying very difficult?,5,5,general,follow-up_question,uncertain,"{'dual or twin relationships': 13.375, 'very followed by a descriptor': 7.656, 'difficult challenges and situations': 5.469, 'studying and its contexts': 5.219, 'assistant turn start': 3.375, 'questions about correctness or state': 3.188, 'capability questions': 3.125, 'very + adjective': 2.828, 'Fachbereich Informatik Darmstadt': 2.531, 'digital visions, lower costs, less money': 2.453}"
295,81,296,wenn man die Anmeldefristen für ein duales Studium verpasst welche Möglichkeiten habe ich dann,"If you miss the application deadlines for a dual study program, what options do you have?",14,16,general,follow-up_question,certain,"{'dual or twin relationships': 10.375, 'application followed by terms like letter, fees, programming, development, json': 10.062, 'mississippi, missile, missing, misspelled': 8.188, 'tight deadline': 7.031, 'options followed by list introducers': 6.969, 'applying for jobs and admissions': 6.5, 'missed opportunities or outcomes': 6.062, 'Fachbereich Informatik Darmstadt': 5.75, 'programmatic, programs': 5.75}"
296,81,297,hat man auf dem aktuellen Markt gute Chancen einen Platz zu finden auch wenn man normal studiert und nicht dual,Are there good chances of finding a position in the current market even if one studies normally and not in a dual program?,20,23,job,question,uncertain,"{'there a or there any': 11, 'dual or twin relationships': 9.125, 'chance to or chance of': 7.781, 'there are + quantifier': 7.531, 'position of': 7.469, 'normal, normal form, normalizes': 7.344, 'studying and its contexts': 6.844, 'economic and commercial markets': 6.656, 'programmatic, programs': 6.344, 'probability of success or outcome': 6.25}"
297,81,298,wie sieht der anmeldeprozess aus bei einem normalen Studium,What does the registration process look like for a regular study program?,9,12,grades,question,certain,"{'what does X mean or stand for': 11.438, 'register and registered': 9.625, 'regular actions or events': 9.562, 'questions starting with does': 7.906, 'studying and its contexts': 7.781, 'programmatic, programs': 6.75, 'ordinary person': 6.5, 'look like or and feel': 6.219, 'what does this mean': 6, 'describing a process or sequence': 5.625}"
298,81,299,Woher weiß ich was besser zu mir passt wirtschaftspsychologie oder international Business,"How do I know which is a better fit for me, business psychology or international business?",12,16,matching,question,uncertain,"{'how do i questions': 11.562, 'International followed by entity or concept': 11.5, 'which is the': 9.062, 'how can I do a task': 9.062, 'how do you actions': 8.875, 'business roles and people': 8.625, 'identifying which one': 7.5, 'psychology topics': 6.938, 'better comparisons and improvements': 6.938, 'comparing words': 6.5}"
299,81,300,woher weis ich welche unis am besten für mich geeignet sind,How do I know which universities are best suited for me?,11,11,uni,question,uncertain,"{'how do i questions': 11.562, 'suited for tasks': 9.688, 'how can I do a task': 9.062, 'how do you actions': 8.812, 'identifying which one': 7.562, 'university of': 7.375, 'best for suitability': 6.719, 'top schools rankings': 5.281, 'which question starter': 4.406, 'Do you': 4.344}"
300,81,301,wann sollte man wenn man normal studieren möchte sich um finanzielles wie bafög kümmern,When should one take care of financial matters like BAföG if they want to study normally?,14,16,finance,question,uncertain,"{'care of / care for': 12.625, 'ba + suffix patterns': 12.5, 'taking care of things': 7.969, 'financial stability and conditions': 6.625, 'normal, normal form, normalizes': 6.562, 'matter of interpretation or belief': 6.156, 'home buying and education': 5.812, 'words with ö': 5.281, 'studying and its contexts': 5.156, 'Â§38 der Gewerbeordnung': 5}"
301,81,302,welche Vorteile hat ein duales Studium gegenüber einem normalen,What advantages does a dual study program have compared to a regular one?,9,13,general,question,certain,"{'dual or twin relationships': 15.25, 'compared to or with': 13, 'advantages and disadvantages': 9.5, 'Fachbereich Informatik Darmstadt': 6.594, 'questions starting with does': 7.594, 'programmatic, programs': 5.75, 'advantages of using': 5.5}"
302,81,303,Ist in Wirtschaftpsychologie der matheanteil größer oder in international business,Is the math component larger in business psychology or in international business?,10,12,study_program,question,certain,"{'mathematics': 12.688, 'International followed by entity or concept': 11, 'business roles and people': 10.312, 'component of': 8.75, 'psychology topics': 5.812, '""the"" followed by nouns in questions': 5.062, 'assistant turn start': 4.875, 'this is a question': 4.312, 'business processes and intelligence': 4.188}"
303,81,304,Ist in Wirtschaftpsychologie der matheanteil größer oder in international business,Is the math component larger in business psychology or in international business?,10,12,study_program,question,certain,"{'mathematics': 12.688, 'International followed by entity or concept': 11, 'business roles and people': 10.312, 'component of': 8.75, 'psychology topics': 5.812, '""the"" followed by nouns in questions': 5.062, 'assistant turn start': 4.875, 'this is a question': 4.312, 'business processes and intelligence': 4.188}"
304,81,305,Wo ist der matheanteil gröber,Where is the math component larger?,5,6,study_program,follow-up_question,certain,"{'mathematics': 11.188, 'component of': 8.062, 'where is or when is': 7.75, 'assistant turn start': 5.344, 'questions starting with where': 4.719, 'where from or going': 4, 'comparing words': 3.875, 'how does': 3.703}"
305,81,306,wo Ist der matheanteil größer international Business oder wirtschaftspsychologie,"Where is the math component greater, International Business or Business Psychology?",9,11,study_program,follow-up_question,certain,"{'International followed by entity or concept': 16.125, 'mathematics': 11.25, 'greater than': 9.188, 'business roles and people': 7.438, 'component of': 8.062, 'where is or when is': 7.719, 'comparing words': 6.656, 'academic fields and degrees': 5.75, 'questions starting with where': 4.688}"
306,82,307,Welche Qualifikationen sollte ich mitbringen um im Jura Studium Erfolg zu haben,What qualifications should I have to succeed in law studies?,12,10,grades,question,certain,"{'law and associated phrases': 11.438, 'succeed and excel': 7.625, 'advice for actions': 5.562, 'what [noun] does/did/is': 5.219, 'should I questions': 4.625, 'studying and its contexts': 4.594, 'job titles and roles': 4.562, 'succeed in careers or academics': 4.188, 'career pursuit': 4.125, 'success and outcomes': 4.094}"
307,82,308,Welches Schulfach kann man am ehesten mit diesem Studiengang vergleichen,Which school subject can be most closely compared to this degree program?,10,12,study_program,follow-up_question,certain,"{'school and its environment': 10, 'degree of': 9.5, 'subject matter or headlines': 7.688, 'close followed by relation or proximity': 6.562, 'most likely, importantly, recently': 5.938, 'what [noun] does/did/is': 4.781, 'explain this requests': 5.344, 'programmatic, programs': 5.156, 'be followed by descriptive verbs': 4.719}"
308,82,309,Welches Schulfach ist am ehesten mit dem Jurastudium zu vergleichen,Which school subject is most comparable to law studies?,10,9,study_program,question,certain,"{'law and associated phrases': 10.375, 'school and its environment': 10.062, 'subject matter or headlines': 7.625, 'what [noun] does/did/is': 4.75, 'similar in/to': 4.812, 'learning skills and subjects': 4.375, 'more likely or most relevant': 4.344, 'studying and its contexts': 4.281, 'which is the': 4.188}"
309,83,310,Wo kann ich überall Jura studieren und wo ein duales Studium beim Zoll durchführen,Where can I study law and where can I pursue a dual study program with customs?,14,16,uni,follow-up_question,certain,"{'where can i find or access': 6.156, 'dual or twin relationships': 10.438, 'pursuit of goals and achievement': 8.062, 'studying and its contexts': 7.5, 'law and associated phrases': 7.219, 'possessive followed by career or life': 6.812, 'questions starting with where': 6.781, 'questions starting with how can': 6.25}"
310,83,311,Und was sind Vorteile von beiden Sachen,And what are the advantages of both things?,7,8,study_program,follow-up_question,certain,"{'What are the': 11.938, 'advantages and disadvantages': 10.75, 'questions starting with ""what are""': 9.625, 'advantages of using': 9.188, 'what questions': 5.625, 'is a thing': 5.5, 'And following specific structures': 5.438, 'are you questions': 5.375, 'assistant turn start': 4.688, 'what is the meaning of': 4.062}"
311,83,312,Nenne mir Vorteile von einem Jura Studium in Heidelberg und von einem dualen Studium beim Zoll zum gehobenen Dienst in Stuttgart,List the advantages of studying law in Heidelberg and of a dual study program with customs for the higher service in Stuttgart.,21,22,study_program,request,certain,"{'Hebei company names': 12.125, 'advantages and disadvantages': 10.062, 'dual or twin relationships': 9.125, 'advantages of using': 8.75, 'higher power, education, form': 8.188, 'studying and its contexts': 8, 'law and associated phrases': 7.219, 'Baden-Württemberg': 7.125, 'list something': 6.969, 'Fachbereich Informatik Darmstadt': 6.125}"
312,83,313,Wie gehts,How are you?,2,3,other,question,certain,"{'how are you': 2.609, 'how are you doing': 9.5, 'how do you': 5.031, 'how does': 3.312, 'questions about capabilities': 3.109, 'Are you': 2.625, 'how to manage or approach': 2.375, 'is/are followed by past participle': 2.359}"
313,85,314,Gebe mir die besten Unis für ein Jura Studium an die mit dem besten Ruf,Give me the best universities for a law degree that have the best reputation.,15,14,uni,request,certain,"{'Give me a': 5.344, 'law and associated phrases': 8.625, 'university of': 8.438, 'best way': 7.188, 'reputation for': 5.812, 'academic fields and degrees': 5.781, 'give me the': 5.656, 'academic degrees and qualifications': 5.625, 'degree of': 5.406}"
314,85,315,"Hey was geht, ich möchte mich mit meinem Studium beschäftigen und überlege mir Jura zu studieren. Wo kann man in Baden Württemberg Jura studieren","Hey, what's up? I want to focus on my studies and I'm considering studying law. Where can I study law in Baden-Württemberg?",24,22,uni,question,certain,"{'bad and negative descriptors': 14.625, 'focus on an action or goal': 11.312, 'questions starting with where': 11.188, ""what's up"": 10.438, 'want to know': 10.125, 'hey and common greetings': 10.125, ""what's up?"": 9.75, ""questions beginning with what's"": 8.875, 'studying and its contexts': 8.438, 'want to do': 8.25}"
315,85,316,So ein neuer Versuch. Wo kann man Jura studieren? Würde mich über eine Antwort freuen,A new attempt. Where can one study law? I would appreciate an answer.,15,13,uni,question,certain,"{'questions starting with where': 10.438, 'where can i find or access': 9.312, 'new [noun]': 9.312, 'attempting to': 8.812, 'law and associated phrases': 7.281, 'appreciate and variations': 7.094, 'studying and its contexts': 6.969, 'request if could': 6.875, 'would followed by desire or request': 6.781, 'answer to a question': 6.688}"
316,87,317,Wo kann ich wirtschaftspsychologie studieren,Where can I study business psychology?,5,6,uni,question,certain,"{'where can i find or access': 6.812, 'business roles and people': 9.688, 'studying and its contexts': 7.5, 'questions starting with how can': 6.25, 'how can I do a task': 5.281, 'academic fields and degrees': 5.125, 'psychological concepts and states': 4.625, 'assistant turn start': 4.5, 'psychology topics': 3.625}"
317,87,318,Kann ich etwas vergleichbares in Würzburg studieren,Can I study something similar in Würzburg?,7,7,uni,follow-up_question,certain,"{'words starting with w': 14.812, 'can i / can we questions': 11.625, 'studying and its contexts': 9.25, 'wer bist du, werfen, werker': 5.719, 'similar in/to': 5.219, 'city names': 4.812, 'May I ask / speak / have': 4.688, 'something and adjective': 4.438, 'W (city names, websites)': 4.344, 'capability questions': 4.312}"
318,89,319,"Was soll ich machen, wenn ich noch nicht weiß was ich nach der Schule machen möchte arbeiten studieren Ausbildung usw","What should I do if I still don't know what I want to do after school, whether to work, study, or pursue an apprenticeship, etc.?",20,25,general,question,uncertain,"{'end of listed items': 11.562, 'advice for actions': 8.625, 'school and its environment': 8.562, 'pursuit of goals and achievement': 8.188, 'what to do': 8.062, 'studying and its contexts': 7.406, 'what can happen': 7.125, ""don't know anything"": 6.906, 'conditional scenarios': 6.25, 'still': 6.219}"
319,89,320,"Ich arbeite lieber praktisch, bin dem TheoRhetischen Teil aber nicht abgeneigt.","I prefer to work practically, but I am not averse to the theoretical part.",11,14,interests,answer,certain,"{'prefer to or prefer the': 5.562, 'practical usage and applications': 9.312, 'theoretical physics and solutions': 7.406, 'to + action verbs': 6.281, 'fiction theory': 5.25, 'not afraid': 4.969, 'partsparts of': 4.906, 'a article followed by noun': 4.875}"
320,89,321,Des Weiteren arbeite ich gerne im Team und kreativ und teschnich,"Furthermore, I enjoy working in a team and being creative and technical.",11,12,interests,answer,certain,"{'technical topics': 9.312, 'creativity': 7.406, 'team synonym': 7.406, 'experiencing pleasure or benefit': 7.375, 'work in industry or fields': 6.5, 'working well with a team': 4.969, 'both and': 5.406, 'positive social traits': 5.125, 'adding ""additionally""': 4.75}"
321,89,322,Mich interessier Film,I am interested in film.,3,5,interests,statement,certain,"{'film, noir, studies, grain': 13.562, 'expressing interest in': 10.688, 'Self-description after ""i am"" or ""i\'m""': 7.906, 'interested in learning or knowing': 7.875, 'i am [predicate]': 5.562, ""I am / I'm followed by positive statement"": 3.531, 'identifying self as AI or robot': 3.359, 'asking for advice': 3.344, 'want to do': 3.109, ""i'm or i am phrases"": 3.078}"
322,90,323,Wie finde ich heraus ob ich eher w-ing oder Wirtschaftsinformatik studieren soll?,How can I find out whether I should study business administration or business informatics?,12,14,matching,question,uncertain,"{'questions starting with how can': 15, 'how can I do a task': 11.25, 'whether condition or question': 8.562, 'business roles and people': 7.188, 'academic fields and degrees': 5.5, 'studying and its contexts': 7.344, 'informing you or others': 6.344, 'requests to find': 5.562}"
323,91,324,Ich möchte Tourismusmanagement studieren. Welche Hochschulen bieten diesem Studiengang in Mannheim und Umgebung an.,I want to study tourism management. Which universities offer this program in Mannheim and the surrounding area?,14,17,uni,question,certain,"{'want to know': 10.625, 'which question starter': 9.875, 'studying and its contexts': 9.312, 'surrounding environment or area': 8.312, 'want to do': 7.469, 'university of': 6.812, '""cann"" or ""ann"" related words': 6.781, 'man followed by ""ha"", ""uten"", ""uales"", ""mano"", ""vers"", ""cha""': 6.062, 'places to visit': 6, 'programmatic, programs': 5.844}"
324,91,325,Kann man das auf der IU Internationale Hochschule studieren,Can you study that at IU International University of Applied Sciences?,9,11,uni,follow-up_question,certain,"{'International followed by entity or concept': 9.75, 'studying and its contexts': 9.125, 'Indiana ZIP codes 465-': 4.875, 'can i / can we questions': 7.438, 'user requests for action': 7.125, 'that followed by common words': 5.719, 'can you questions': 5.219, 'from the university or school': 4.781, 'University departments': 4.375}"
325,92,326,Wie kann man in den Beruf Bundespolizei starten?,How can one start a career in the Federal Police?,8,10,job,question,certain,"{'questions starting with how can': 15, 'federal court, government, and law': 13.438, 'career path and development': 9.562, 'starting a business': 6.312, 'police officers': 8.812, 'how can i use': 7, 'assistant turn start': 5.281, 'the world of entertainment': 4.375, 'starting an activity': 4.312}"
326,92,327,Wie sieht’s aus mit Modedesign?,How about fashion design?,5,4,study_program,question,certain,"{'how about suggestions': 12.938, 'design and related concepts': 5.969, 'fields and topics': 3.672, 'design followed by patterns or methods': 3.406, 'introduces next idea after question': 2.906, 'how does': 2.609, 'fashion brand names': 2.406, 'assistant turn start': 2.297, 'design advice': 2.062, 'what should': 1.938}"
327,92,328,Was macht man in einem Germanistik Studium?,What do you do in a German Studies program?,7,9,study_program,question,certain,"{'what do you': 7.312, 'german adjective': 9.688, 'programmatic, programs': 6.906, 'what can do': 6.875, 'a followed by situation or entity': 5.75, 'what do you want/do/think/like/need': 4.781, 'assistant turn start': 4.375, 'in a nutshell': 4, 'how does': 3.859}"
328,92,329,Wie werde ich Erzieher?,How do I become an educator?,4,6,job,question,certain,"{'how do i questions': 11.562, 'how can I do a task': 9.062, 'how do you actions': 8.812, 'become a profession or state': 6.219, 'change of state or role': 6.375, 'defines a role or identity': 5.656, 'assistant turn start': 4.625, 'Do you': 4.344, 'how does': 3.797}"
329,92,330,Ich weiß ehrlich nicht was ich in der Zukunft machen will. Wie finde ich es heraus?,I honestly don't know what I want to do in the future. How can I find out?,16,17,general,question,uncertain,"{'not knowing what or how next': 11, ""don't"": 9.438, 'questions starting with how can': 8.688, 'honest feedback and communication': 7.469, 'predicting future events': 7.156, 'what to do or time': 7.031, 'what can do': 6.812, 'the future park bathroom': 6.312, 'how can do': 6.125, 'life and its aspects': 6}"
330,92,331,Was ist besser Germanistik studieren oder Ausbildung zum Erzieher?,"Which is better, studying German studies or training to become an educator?",9,12,matching,question,uncertain,"{'which is the': 12.125, 'comparing words': 4.906, 'studying and its contexts': 9.312, 'training courses, plans, and experiences': 7.875, 'german adjective': 7.594, 'academic fields and degrees': 7.562, 'better comparisons and improvements': 5.219, 'become a profession or state': 4.812, 'difference between two entities': 4.656}"
331,93,332,hallo,hello,1,1,other,statement,certain,"{'hello world': 1.289, 'questions starting with how': 0.828, 'end of turn assistant header': 0.193, 'item purchased, causes, language, mention': 0.191, 'how questions': 0.17, 'learning phrases': 0.101, 'units, numbers, or specific words': 0.086, 'how does': 0.085, 'descriptive adjectives': 0.054, 'instructions and questions': 0.047}"
332,93,333,ich interessiere mich für die kriminologie. also kriminalpsychologie und kriminalpolizei zum beispiel. aber auch rechtspsychologie oder ungefähr sachen in der richtung,"I am interested in criminology, such as criminal psychology and criminal police, for example. But also legal psychology or similar topics in that direction.",21,24,interests,statement,certain,"{'cr sequence': 14.125, 'criminality and justice': 11.75, 'police officers': 11.062, 'expressing interest in': 10.625, 'legal consequences and requirements': 9.438, 'Self-description after ""i am"" or ""i\'m""': 7.906, 'interested in learning or knowing': 7.875, 'considering committing crime': 6.781, 'legal research and documents': 6.75}"
333,93,334,kann ich in mannheim psychologie studieren und welche vorraussetzungen brauche ich,Can I study psychology in Mannheim and what requirements do I need?,11,12,grades,question,certain,"{'can i / can we questions': 11.625, 'studying and its contexts': 9.25, '""cann"" or ""ann"" related words': 6.969, 'requirements': 6.219, 'Fachbereich Informatik Darmstadt': 5.375, 'man followed by ""ha"", ""uten"", ""uales"", ""mano"", ""vers"", ""cha""': 6.062, 'What are the': 5.594, 'psychological concepts and states': 5.562}"
334,94,335,Wann ist der optimale Zeitpunkt sich für ein Studium zu bewerben?,When is the optimal time to apply for a degree program?,11,11,general,question,certain,"{'degree of': 11.5, 'apply procedures or actions': 9, 'applying for jobs and admissions': 7.344, 'programmatic, programs': 6.875, 'where is or when is': 6.062, 'when to use': 4.594, 'best way': 5.625}"
335,94,336,Ich mach mein Abitur 2027.,I will graduate from high school in 2027.,5,8,other,answer,certain,"{'years around 2020': 9.688, 'graduate student and school': 8.625, 'from the university or school': 8.062, 'graduation encouragement on stage': 4.75, 'will followed by verb': 7.094, 'high word compounds': 5.938, 'mentions of years like 2023': 4.094, 'high followed by descriptive words': 3.688}"
336,94,337,Kannst du auch Angaben über ein duales Studium geben?,Can you also provide information about a dual study program?,9,10,study_program,question,certain,"{'dual or twin relationships': 14.875, 'can i / can we questions': 7.438, 'user requests for action': 7.125, 'programmatic, programs': 6.719, 'information about or on': 6.531, 'requests to provide content': 6.375, 'also introducing continuation': 5.875, 'can you questions': 5.219, 'studying and its contexts': 4.938, 'information about': 4.469}"
337,94,338,"Ich würde gerne als Automobilkaufmann ein Duales Studium abschließen, welche Infos sind relevant?",I would like to complete a dual study program as a car salesman; what information is relevant?,13,17,study_program,question,certain,"{'dual or twin relationships': 13.438, 'would like to': 9, 'completing tasks': 9.812, 'introducing a point': 8, 'want to do': 7.312, 'do a [task]': 7.188, 'Fachbereich Informatik Darmstadt': 6.875, 'car and its context': 6.875, 'programmatic, programs': 6.406}"
338,94,339,Wie sieht das Einkommen während dem dualen Studium aus und danach im Berufsleben?,What does the income look like during a dual study program and afterwards in professional life?,13,16,finance,follow-up_question,certain,"{'income tax earners': 14.938, 'dual or twin relationships': 12.938, 'what does X mean or stand for': 4.75, 'professionalism and related ""-isms""': 8.438, 'questions starting with does': 7.906, 'look like or and feel': 7.844, 'programmatic, programs': 5.062, 'what it would be like': 4.906, '""the"" followed by nouns in questions': 4.688}"
339,94,340,Würdest du mir eher eine Ausbildung oder dualen Studium empfehlen,Would you recommend an apprenticeship or a dual study program to me?,10,12,matching,question,uncertain,"{'dual or twin relationships': 10.688, 'recommendations': 7.219, 'apprenticed to a trade': 4.438, 'programmatic, programs': 5.969, 'what would you like': 5.688, 'would like': 5.281, 'studying and its contexts': 4.625, '""an"" followed by vowel-starting word': 4.594, 'Fachbereich Informatik Darmstadt': 4.344}"
340,95,341,Welche Studienrichtung kannst du empfehlen,Which field of study can you recommend?,5,7,matching,question,uncertain,"{'field NAME or extension': 4.031, 'recommendations': 6.375, 'areas of study, focus, or application': 6.094, 'defining academic fields': 3.984, 'what [noun] does/did/is': 4.281, 'assistant turn start': 4.75, 'studying and its contexts': 4.062}"
341,95,342,Technik/wirtschaft an einem dualen Studium,Technology/Economics in a dual study program,5,6,study_program,answer,certain,"{'dual or twin relationships': 11.938, 'E followed by specific abbreviations/names': 6.469, 'writing in context': 6.031, 'Fachbereich Informatik Darmstadt': 5.438, 'programmatic, programs': 5.656, 'alternatives separated by slashes': 4.656, 'studying and its contexts': 4.438, 'words ending in ics': 4.031, 'economic concepts and data': 3.812}"
342,96,343,hallo,hello,1,1,other,statement,certain,"{'hello world': 1.289, 'questions starting with how': 0.828, 'end of turn assistant header': 0.193, 'item purchased, causes, language, mention': 0.191, 'how questions': 0.17, 'learning phrases': 0.101, 'units, numbers, or specific words': 0.086, 'how does': 0.085, 'descriptive adjectives': 0.054, 'instructions and questions': 0.047}"
343,96,344,mich interessiert musik und management,I am interested in music and management.,5,7,interests,statement,certain,"{'music theory, video, education, tech, industry': 12.375, 'expressing interest in': 10.688, 'forms of media and entertainment': 8.375, 'Self-description after ""i am"" or ""i\'m""': 7.906, 'interested in learning or knowing': 7.875, 'management and its contexts': 7.219, 'i am [predicate]': 5.562, 'management systems and solutions': 4.875, 'and its': 3.734, 'hobby and interest lists': 3.688}"
344,96,345,ist die popakademie nicht staatlich,Is the Pop Academy not state-funded?,5,6,uni,follow-up_question,certain,"{'pop up, pop-up, pop-culture, poppy': 17, 'state street': 9.812, 'negation': 5.5, '""the"" followed by nouns in questions': 5.031, 'funding and fundraising': 4.531, 'capability questions': 4.094, 'state-of-the-art and related state phrases': 4.031, 'introduces next idea after question': 3.781, 'state of the art': 3.719, 'qualifying compound words': 3.656}"
345,96,346,kannst du mir infos über musikbusiness geben,Can you give me information about the music business?,7,9,study_program,follow-up_request,certain,"{'music theory, video, education, tech, industry': 13.688, 'Give me a': 12.875, 'can i / can we questions': 7.438, 'user requests for action': 7.125, 'describe or summarize topics': 5.719, 'can you questions': 5.188, 'tell me about': 5.125, 'give me': 5.062, 'asking for items': 4.938, 'information about or on': 4.844}"
346,97,347,Was kannst du mir für Studiengänge zum Thema Sport nennen bei denen man später viel Geld verdienen kann,What degree programs related to sports can you suggest that have the potential for high earnings later on?,18,18,study_program,question,certain,"{'degree of': 11.688, 'sport news and sports car': 10.75, 'Later': 9, 'related to topics': 8.312, 'potential to': 6.219, 'programmatic, programs': 5.25, 'suggestive language, stories, or plans': 5.188, 'what [noun] does/did/is': 5.188, 'academic fields and degrees': 4.906}"
347,97,348,Gebe mir Infos zum Sportpsychologie Studium,Provide me with information about studying sports psychology.,6,8,study_program,request,certain,"{'sport news and sports car': 11.688, 'studying and its contexts': 8.562, 'Give me a': 5.688, 'providing information': 6.344, 'tell me about': 5, 'information about or on': 4.688, 'psychological concepts and states': 4.594, 'how does': 4, 'academic fields and degrees': 4}"
348,97,349,Was für Berufe kann man mit einem sportpsychologiestudium ausüben,What professions can one pursue with a degree in sports psychology?,9,11,job,question,certain,"{'sport news and sports car': 11.312, 'academic fields and degrees': 9.875, 'degree of': 7.031, 'pursuit of goals and achievement': 6.031, 'what [noun] does/did/is': 5.938, 'academic degrees and qualifications': 5.781, 'sports articles about regulations': 4.75, 'psychological concepts and states': 4.562, 'professionalism': 4.25, 'assistant turn start': 4.188}"
349,98,350,Was geht,What's up?,2,2,other,question,certain,"{""questions beginning with what's"": 13.312, ""what's up"": 4.094, ""what's up?"": 4.656, 'how are you': 2.562, 'addressing groups': 2.391, 'up to': 2.297, '""what is"" questions': 2.203, 'what is considered': 2.031, 'greeting and introduction': 1.914}"
350,98,351,Ich will was mit modedesign machen,I want to do something with fashion design.,6,8,interests,statement,certain,"{'want to know': 10.625, 'perform an action': 9.625, 'want to do': 7.438, 'something and adjective': 5.906, 'design and related concepts': 5.531, 'introducing a point': 5.375, 'want to express intention': 4.344, 'i want to verb': 3.375, 'asking for advice': 3.688}"
351,98,352,Ich will was mit modedesin machen,I want to do something with fashion design.,6,8,interests,statement,certain,"{'want to know': 10.625, 'perform an action': 9.625, 'want to do': 7.438, 'something and adjective': 5.906, 'design and related concepts': 5.531, 'introducing a point': 5.375, 'want to express intention': 4.344, 'i want to verb': 3.375, 'asking for advice': 3.688}"
352,98,353,Also ich würde dann gerne meine Kleidung verkaufen,I would like to sell my clothes.,8,7,interests,answer,certain,"{'selling items': 11.938, 'would like to': 9, 'clothing and accessories': 9.625, 'introducing a point': 8, 'want to do': 7.344, 'luxury assets and property': 6.875, 'would followed by desire or request': 6.281, 'want to know': 5.312, 'selling items, upcycling old furniture': 5.219}"
353,98,354,In welchen Schulfächern muss ich dann gut sein,In which school subjects do I need to excel?,8,9,grades,follow-up_question,certain,"{'school and its environment': 11.125, 'assistant turn start': 5.719, 'subject matter or headlines': 5.719, 'what [noun] does/did/is': 3.938, 'in what areas or situations': 5.375, 'Handwerkskammer, PC, arÃŃa, ÑĳÐ¼': 4.344, 'Do you': 4.188, 'what do you': 4.156, 'which question starter': 4.125}"
354,99,355,Woher weiß ich welches studium zu mir passt ?,How do I know which study program is right for me?,9,11,matching,question,uncertain,"{'how do i questions': 11.562, 'how can I do a task': 9.062, 'finding the right choice': 4.812, 'how do you actions': 8.812, 'studying and its contexts': 7.875, 'identifying which one': 7.562, 'programmatic, programs': 6.938, 'right': 6.656, 'academic research study': 5.719}"
355,99,356,"Ich interessiere mich für Designing, mag Sport, Kunst und Sprachen. Ich mag Tiere und Natur. Ich möchte später mal einen Job machen bei dem ich jeden Tag etwas neues erleben kann. Was würdest du mir für Studiengänge empfehlen ?","I am interested in design, enjoy sports, art, and languages. I like animals and nature. I would like to have a job in the future where I can experience something new every day. What study programs would you recommend for me?",39,41,interests,follow-up_question,certain,"{'sport news and sports car': 12.062, ""nature's"": 12, 'art, artistic styles, creations': 11.875, 'design and development': 11, 'expressing interest in': 10.688, 'design followed by patterns or methods': 10.125, 'animal kingdom, species, welfare': 9.188, 'would like to': 8.875, 'experiencing pleasure or benefit': 8.812, 'every day, time, or morning': 8.75}"
356,100,357,Wirtschaftsinformatik was für Voraussetzungen muss ich mitbringen,What prerequisites do I need to bring for Business Informatics?,7,10,grades,question,certain,"{'business processes and intelligence': 8.875, 'business roles and people': 8.062, 'bring someone or something': 7.875, 'informing you or others': 7.156, 'what do you': 5.562, 'assistant turn start': 5, 'what [noun] does/did/is': 5, 'Fachbereich Informatik Darmstadt': 4.438, 'bring about': 4.188, 'eligibility requirements for': 3.609}"
357,100,358,Bei der Bundesagentur für Arbeit was für studiengänge gibt es dort,What study programs are available at the Federal Employment Agency?,11,10,study_program,question,certain,"{'federal court, government, and law': 13.5, 'how many are': 8.25, 'employ, employment, employer': 7.312, 'studying and its contexts': 6.562, 'Fachbereich Informatik Darmstadt': 6.5, 'programmatic, programs': 6.438, 'from the university or school': 5.969, 'academic research study': 5.438, 'what [noun] does/did/is': 5.25, 'university names': 4.906}"
358,100,359,Arbeitsmarktmanagment was für Voraussetzungen muss ich mitbringen,What prerequisites do I need to bring for labor market management?,7,11,study_program,question,certain,"{'labor and labor contexts': 11.188, 'bring someone or something': 7.875, 'management systems and solutions': 6.906, 'what do you': 5.562, 'availability of childbirth care': 5.406, 'assistant turn start': 5.062, 'what [noun] does/did/is': 5, 'employment and job skills': 4.938, 'bring about': 4.188, 'eligibility requirements for': 3.609}"
359,101,360,"also ich werde halt höchstwahrscheinlich in usa studieren, da ich auch ursprünglich aus usa komme und bei mir die army auch die kosten übernehmen würde ich weiss nur nicht ganz genau wo aber will eigentlich höchstenwahrscheinlich auf der west coast studieren in califonien irgendwo vielleicht z.B university of san diego und wenn nicht west coast dann new york aber ich bin mir nicht sicher genau bei welchen unis und bei wie vielen ich mit so anmelden soll und muss halt ende dieses jahred mit meinem zweiten halbjahres zeugnis anfangen anfragen an unis abzuschicken ich will auch höchstwahrscheinlich als major buiness management und als minor fashion studieren bin mir aber da nicht sicher ob das wirklich der richtige weg ist und welche unis dagür spezialisiert sind","I will most likely study in the USA, as I originally come from there and the army would cover my costs. I just don't know exactly where, but I actually want to study on the West Coast, maybe in California, for example at the University of San Diego. If not on the West Coast, then New York, but I'm not sure which universities to apply to and how many. I need to start sending inquiries to universities by the end of this year with my second semester report card. I also want to major in business management and minor in fashion, but I'm not sure if that's really the right path and which universities specialize in that.",125,117,general,statement,uncertain,"{'New York City Times University': 12.062, 'university of locations': 11.562, 'west coast': 11.562, 'academic fields and degrees': 11.438, 'most likely, importantly, recently': 11.312, 'from the university or school': 10.125, 'the area of': 9.625, 'United States contexts': 9.5, 'New York': 9.312, 'studying and its contexts': 9.188}"
360,101,361,nach dem studium bin ich mir nicht ganz sicher was so mein plan ist aber ich muss kurz klarstellen das ich definitiv in usa studieren werde und da ist es so dass ich ja ein major und minor habe und man fashion als minor mit kombination a buisness management als major studieren kann und später auch viel damit anfangen kann und ich interessiere mich halt stark für mode und design und würde schon gern in die richtung später einmal was machen vllt auch so ein ceo von einer mode branche sein oder sowas,"After my studies, I'm not entirely sure what my plan is, but I need to clarify that I will definitely study in the USA. There, I have a major and a minor, and I can study fashion as a minor combined with business management as my major, which can lead to many opportunities later on. I'm really interested in fashion and design, and I would like to work in that direction in the future, maybe even become a CEO of a fashion company or something like that.",93,87,interests,statement,uncertain,"{'major followed by noun': 11.125, 'expressing interest in': 10.625, 'would like to': 10.562, 'really followed by adjective': 10.5, 'Later': 10.375, 'plan for': 10, 'United States contexts': 9.812, 'forms of ""lead"" followed by ""to""': 8.75, 'work in': 8.562, 'studying and its contexts': 8.438}"
361,102,362,Jura Studium in Baden Württemberg,Law studies in Baden-Württemberg,5,4,study_program,request,certain,"{'bad and negative descriptors': 5.25, 'german umlauts and greetings': 6.906, 'Baden-Württemberg': 6.688, 'studying and its contexts': 6.375, 'words starting with w': 4.844, 'city names': 4.75, 'Fachbereich Informatik Darmstadt': 4.562, 'places to visit': 4.469, 'words ending in en': 4.438}"
362,102,363,Ich möchte Staatsexamen schreiben,I want to take the state examination.,4,7,general,statement,certain,"{'take the': 11.312, 'want to know': 10.625, 'state street': 7.969, 'want to do': 7.438, 'take a moment': 6.062, 'examining, examination, examens': 5.656, 'introducing a point': 5.375, 'exam covers and typically taken': 5.125, 'want to express intention': 4.344, 'take me, on, this': 4.156}"
363,103,364,Hallo,Hello,1,1,other,statement,certain,"{'hello world': 1.344, 'instructions and questions': 0.41, 'how does': 0.357, 'learning phrases': 0.188, 'write a story or description': 0.163, 'item purchased, causes, language, mention': 0.11, 'how questions': 0.081, 'descriptive adjectives': 0.078, 'questions, instructions, or item descriptions': 0.061, 'end of turn assistant header': 0.057}"
364,103,365,Ich suche einen Studiengang der zu mir passt ich betätig Erich gerne körperlich handwerklich und diskutieren gerne,"I am looking for a study program that suits me; I enjoy working physically, doing crafts, and discussing.",17,18,matching,statement,certain,"{'looking to or for': 12.562, 'physical attributes and appearance': 11.062, 'mental, emotional, psychological, sexual': 9.562, 'practical usage and applications': 9.188, 'engage in conversation': 8.5, 'programmatic, programs': 7.969, 'Self-description after ""i am"" or ""i\'m""': 7.906, 'looking for': 7.719, 'studying and its contexts': 7.625, 'discussing various topics': 7.188}"
365,103,366,Schere diggi,"Scissors, dude.",2,2,other,statement,certain,"{'cutting': 4.5, 'tools and implements': 4.5, ""guy named or guy's"": 4, 'sc words': 3.953, 'cool, badass descriptors': 3.469, 'terms of endearment, affection': 3.422, 'oh': 3.359, 'lists of specific items': 2.812}"
366,103,367,Mit scvere??,With scvere??,2,2,other,question,certain,"{'words starting with sc': 15.688, 'severe negative outcomes': 11.375, 'question mark': 5.562, 'special characters and punctuation': 5.406, 'certainty and strong descriptions': 2.938, 'size, measurements': 2.719, 'special characters and code separators': 2.484, 'prefixes and common suffixes': 2.25, 'introducing context or reference': 2.094, 'tendency suffixes': 1.852}"
367,104,368,"Nenne mir 5 der besten Studiengänge mit denen man viel Geld verdienen kann, die nicht besonders schwer sind und nicht besonders lange dauern.","Name me 5 of the best degree programs that can lead to high earnings, which are not particularly difficult and do not take a long time to complete.",23,28,study_program,request,certain,"{'degree of': 9.938, 'forms of ""lead"" followed by ""to""': 7.5, 'name specific items': 7.219, 'time to complete action': 7.188, 'best of category': 7.156, 'programmatic, programs': 6.219, 'all of the': 5.281, 'completing tasks': 5.25, 'specifying particulars': 5.188, 'lists of numbers': 5.156}"
368,104,369,Wie läuft so ein Studium eigentlich?,How does such a study actually work?,6,7,general,question,certain,"{'such a': 9, 'questions starting with does': 8.938, 'academic research study': 8.438, 'how do i questions': 7.531, 'actually + assertion': 7.469, 'how things work or relate': 5.25, 'what does it mean': 4.812, 'how does': 4.625, 'how things work': 4.375, 'how it works': 4.344}"
369,104,370,Kannst du mir aus dem ersten Text was zur it Security erzählen ?,Can you tell me something about IT security from the first text?,13,12,study_program,follow-up_question,certain,"{'IT roles and ITIL': 14.625, 'tell you or tell me': 9.875, 'tell me X': 9.562, 'first person': 8.812, 'from the': 7.875, 'text below is': 7.656, 'tell me about': 7.625, 'can i / can we questions': 7.438, 'user requests for action': 7.125, 'itinerary': 6.094}"
370,104,371,Kannst du mir sagen was ich an der uni Mannheim studieren kann?,Can you tell me what I can study at the University of Mannheim?,12,13,uni,question,certain,"{'university of locations': 14.375, 'tell you or tell me': 9.875, 'tell me X': 9.562, 'university of': 9.562, 'can i / can we questions': 7.438, 'studying and its contexts': 7.312, 'user requests for action': 7.125, 'what can you do': 6.375, 'man followed by ""ha"", ""uten"", ""uales"", ""mano"", ""vers"", ""cha""': 5.75, '""cann"" or ""ann"" related words': 5.656}"
371,105,372,Wie schließe ich am besten Studiengänge aus die nicht zu mir passen?,How do I best eliminate study programs that don't suit me?,12,11,matching,question,uncertain,"{'how do i questions': 11.562, 'studying and its contexts': 9.375, 'how can I do a task': 9.062, 'how do you actions': 8.812, 'programmatic, programs': 7.312, 'kill and remove actions': 6.812, 'best way to do': 6.812, 'eliminate two incorrect options': 5.844, 'suit and suitability': 5.25, 'best followed by friends, known, or bestial': 5}"
372,105,373,Was ist empfehlenswert für Schüler die praktische Arbeit Präferenzen aber Schwächen naturwissenschaftlichen Fächern haben,What is recommended for students who prefer practical work but have weaknesses in science subjects?,14,15,matching,question,uncertain,"{'""what is"" questions': 14.688, 'practical usage and applications': 11.438, 'prefer to or prefer the': 9.688, 'student body': 8.375, 'science fiction': 8.188, 'who followed by verbs': 6.094, 'weak, weaker, weakest, weaklings': 5.406, 'recommendations': 5.344, 'subject matter or headlines': 4.625, 'what is recommended or advisable': 4.531}"
373,105,374,Technische Studiengänge mit viel Praxis und wenig Menschen in Region kurpfalz,Technical degree programs with a lot of practical experience and few people in the Kurpfalz region.,11,16,study_program,answer,certain,"{'lot of or lot to': 13.062, 'practical usage and applications': 11.562, 'degree of': 9.625, 'a lot of': 9.062, 'employment and internship opportunities': 7.094, 'with a descriptive noun': 6.375, 'programmatic, programs': 5.844, 'educational and trade programs': 5.781, 'region and regional': 5.406}"
374,106,375,Wo kann man gut BWL studieren und woher weiß ich ob es was für mich ist,"Where can I study business administration well, and how do I know if it's right for me?",16,17,matching,question,uncertain,"{'where can i find or access': 6.812, 'business roles and people': 9.688, 'studying and its contexts': 7.5, 'right': 6.75, 'and how/what/why': 6.719, 'questions starting with how can': 6.25, 'how do you actions': 6.156, 'finding the right choice': 5.688}"
375,106,376,Wo kann ich gut BWL studieren und woher weiß ich ob es was für mich ist,"Where can I study business administration well, and how do I know if it's right for me?",16,17,matching,question,uncertain,"{'where can i find or access': 6.812, 'business roles and people': 9.688, 'studying and its contexts': 7.5, 'right': 6.75, 'and how/what/why': 6.719, 'questions starting with how can': 6.25, 'how do you actions': 6.156, 'finding the right choice': 5.688}"
376,106,377,Am liebsten wäre mir was Praxisnahes,I would prefer something practical.,6,5,interests,statement,certain,"{'practical usage and applications': 11.5, 'prefer to or prefer the': 10.5, 'would like to': 9, 'something else': 7.25, 'something and adjective': 6.656, 'would followed by desire or request': 6.281, 'describing something novel or noteworthy': 4.469, 'love to hear': 2.719, 'how would you questions': 2.672, 'requesting information or action': 2.547}"
377,106,378,Was ist mit der spezialiesierung finanzdienstleistung,What is the specialization in financial services?,6,7,study_program,follow-up_question,certain,"{'""what is"" questions': 14.625, 'financial services institutions markets': 11.562, 'services and providers': 6.656, 'specialist and specialization': 6.625, 'assistant turn start': 5.406, 'words ending in ization': 4.406, '""the"" followed by nouns in questions': 3.922, 'how does': 3.453, 'specialized equipment, knowledge, skills': 3.297}"
378,107,379,Was soll ich studieren?,What should I study?,4,4,general,question,uncertain,"{'advice for actions': 4.438, 'what to do': 8.062, 'studying and its contexts': 7.719, 'what can happen': 7.156, 'should I questions': 5.938, 'assistant turn start': 4.312, 'career and testing center': 3.266, 'how does': 3.203}"
379,107,380,"Ich kenne meine Stärken nicht. Ich habe auch keine besonderen Interessen, mich interessiert nur ein hoher Gehalt und gutw Work Life Balance wenn ich nach dem Studium arbeite.",I don't know my strengths. I don't have any particular interests; I'm only interested in a high salary and a good work-life balance when I start working after my studies.,28,30,matching,statement,uncertain,"{'not knowing what or how next': 12.75, 'work followed by context': 10.812, ""don't"": 10.562, 'expressing interest in': 9.312, 'strengths and weaknesses': 8.438, 'interests and preferences': 8.438, 'specifying particulars': 8.312, 'only followed by limited condition': 7.969, 'have any or much': 6.75, 'salary and wage information': 6.688}"
380,107,381,Hallo.,Hello.,1,1,other,statement,certain,"{'after greeting punctuation': 7, 'identification placeholders NAME_': 3.234, 'greeting and introduction': 2.766, 'identifying self as AI or robot': 1.938, 'my name is': 1.867, 'hello world': 1.094, 'conversational greetings': 1.328, 'Hello followed by punctuation': 1.102, 'conversational dialogue starters': 0.977}"
381,107,382,"Ich möche verbeamtet werden und eine gute Work Life Balance haben, ohne dabei am Gehalt sparen zu müssen. Ich neige eher richtung Wirtschaft, Finanzwesen und Bürokratie.","I would like to be a civil servant and have a good work-life balance without having to compromise on salary. I tend to lean towards business, finance, and bureaucracy.",26,29,interests,statement,certain,"{'tend to': 16.375, 'civil war, society, engineering': 15, 'would like to': 9.062, 'work followed by context': 11.125, 'business roles and people': 9, 'finance movie/show, finance-themed': 9, 'salary and wage information': 9, 'introducing a point': 8, 'want to do': 7.312}"
382,109,383,Mit welchem Studiengang kann man AMG kaufen,Which degree program allows you to buy AMG?,7,8,job,question,certain,"{'am followed by a word': 14.812, 'degree of': 11.5, 'buy': 10.625, 'allows ... to': 7.312, 'assistant turn start': 6, 'programmatic, programs': 5.594, 'Amnesia, amortization, AMEX API': 5.031, 'allow pronoun/object': 4.938, 'what [noun] does/did/is': 4.469}"
383,109,384,Ich möchte einen Studiengang in dem ich genug Geld verdiene um mir einen amg zu kaufen,I want to pursue a degree that will allow me to earn enough money to buy an AMG.,16,18,job,statement,certain,"{'am followed by a word': 12.188, 'want to know': 10.625, 'pursuit of goals and achievement': 10.5, 'earning money or rewards': 9.438, 'buy': 8.375, 'degree of': 8.125, 'allow pronoun/object': 7.781, 'want to do': 7.469, 'allows ... to': 7.156, 'enabling future actions': 6.531}"
384,109,385,Muss nicht unbedingt was mit autos zu tun haben sondern einfach nur viel para,"Doesn't necessarily have to be about cars, just a lot of para.",14,12,job,statement,certain,"{'lot of or lot to': 12.625, 'a lot of': 10.125, 'car and its context': 7.125, 'not necessarily': 6.906, 'requests about paragraphs': 5.812, ""don't have to"": 5.75, 'para- prefix': 5.656, 'not necessarily mean': 5.594, 'necessary for property, tool, or steps': 5.5, 'have to': 5.438}"
385,109,386,Welche Studiengang ist am tuffesten,Which degree program is the toughest?,5,6,critical,question,certain,"{'degree of': 11.5, 'finding the right choice': 6.469, 'toughness and difficulty': 6.25, 'programmatic, programs': 5.594, 'most common or best option': 5.156, 'what [noun] does/did/is': 4.469, 'assistant turn start': 4.312, 'how many are': 4.062, 'which is the': 3.953}"
386,109,387,Gib mir ein Rezept für einen Käsekuchen,Please provide the text you would like me to translate.,7,10,other,request,certain,"{""you'd like me to"": 9.25, 'would like': 8.25, 'text below is': 6.844, 'requests to provide content': 6.594, 'to assist or perform actions': 6.375, 'you would like me to': 5.969, 'end of question or request': 5.75, 'describing what is wanted': 5.031, 'give me the': 4.562}"
387,109,388,Welche Studium muss man am wenigsten lernen,Which degree requires the least amount of studying?,7,8,critical,question,certain,"{'degree of': 11.5, 'requires a condition': 7.219, 'amount of data or text': 6.406, 'studying and its contexts': 6, 'highest, most, best, same': 5.656, 'what [noun] does/did/is': 4.719, 'most/highest/best [quantity/quality]': 3.922, 'assistant turn start': 3.484, 'less adjective': 3.422, 'significant effort and resources': 3.266}"
388,109,389,Was ist in Mannheim Uni gut,What is good about the university in Mannheim?,6,8,uni,question,certain,"{'""what is"" questions': 14.625, 'university of': 11.562, '""cann"" or ""ann"" related words': 7, '""the"" followed by nouns in questions': 6.875, 'man followed by ""ha"", ""uten"", ""uales"", ""mano"", ""vers"", ""cha""': 6.125, 'city names': 4.969, 'good and contexts': 4.906, 'assistant turn start': 4.75, '""Good"" followed by time of day greetings': 4.469, 'Baden-Württemberg': 4.25}"
389,109,390,Nenne pro und contra,List pros and cons.,4,4,uni,follow-up_request,certain,"{'pros and cons': 2.234, 'advantages and disadvantages': 4.312, 'identification placeholders NAME_': 3.266, 'contrasts and comparisons': 2.656, 'and followed by verbs or related items': 2.359, 'list something': 2.156, 'and followed by word': 1.961}"
390,109,391,Nenne pro und contra für Uni Mannheim,Pros and cons for the University of Mannheim.,7,8,uni,follow-up_request,certain,"{'university of locations': 14.625, 'university of': 13.125, 'pros and cons': 7, 'man followed by ""ha"", ""uten"", ""uales"", ""mano"", ""vers"", ""cha""': 5.906, '""cann"" or ""ann"" related words': 5.844, 'University departments': 5.188, '""the"" followed by nouns in questions': 5, 'identification placeholders NAME_': 4.844, 'Fachbereich Informatik Darmstadt': 4.594}"
391,109,392,Sind Professoren da nett oder eher nicht so,Are professors nice there or not so much?,8,8,uni,follow-up_question,certain,"{'very/too/so followed by adjective': 7.531, 'nice': 7, 'or not': 6.781, 'or detecting alternatives': 5.156, 'there followed by punctuation': 5.031, 'this is a question': 4.594, 'professor of/at': 3.984, 'questions about correctness or state': 3.625, '""much"" followed by degree or quantity': 3.531, 'teacher professionalism and unions': 3.344}"
392,109,393,Was ist mit Ludwig Frank Gymnasium,What is with Ludwig Frank Gymnasium?,6,6,other,follow-up_question,certain,"{'""what is"" questions': 14.625, 'assistant turn start': 5.688, 'franks, frances, francisco, frankfort': 5.094, 'as + common suffixes': 4.375, 'famous people and their works': 4.219, 'spam or scam content': 4.031, 'how does': 3.812, 'Baden-Württemberg': 3.516, 'why do questions': 3.078, 'german locations and regions': 2.922}"
393,110,394,Hallo,Hello,1,1,other,statement,certain,"{'hello world': 1.344, 'instructions and questions': 0.41, 'how does': 0.357, 'learning phrases': 0.188, 'write a story or description': 0.163, 'item purchased, causes, language, mention': 0.11, 'how questions': 0.081, 'descriptive adjectives': 0.078, 'questions, instructions, or item descriptions': 0.061, 'end of turn assistant header': 0.057}"
394,110,395,Ich würde etwas machen mitden ich viele Möglichkeiten in weiteren Jobs habe,I would like to do something that gives me many opportunities in future jobs.,12,14,job,statement,certain,"{'would like to': 9, 'perform an action': 10.25, 'return or back': 8.312, 'introducing a point': 8, 'many followed by time or description': 7.656, 'give life': 7.5, 'want to do': 7.281, 'give back, of hard, still being': 7.156, 'opportunities': 7.094}"
395,110,396,Technik liegt mir nicht so,I'm not really good with technology.,5,6,interests,answer,certain,"{'not followed by adjective/verb': 8.562, 'Self-description after ""i am"" or ""i\'m""': 8.312, 'really followed by adjective': 6.938, 'good followed by context': 6.75, 'identifying aptitudes and skills': 5.938, ""i'm or i am phrases"": 5.875, 'technology transfer and industry': 5.781, 'positive assessment of skill': 4.781}"
396,110,397,Nummer 6 gefällt mir ganz gut,I quite like number 6.,6,5,interests,answer,certain,"{'number of, number theory, number pi': 4.031, 'describing qualities with quite': 11.812, 'expressing liking': 5.219, 'numbered lists and ordinals': 4.969, 'number 6 followed by punctuation': 3.156, 'wonder or strong feelings': 2.734, 'chapter, page, verse, level, episode': 2.641, 'much enough appreciation': 2.578, 'absence of something': 2.547}"
397,110,398,Was ist mit Wirtschaftsprüfer? Was muss ich dafür studieren?,What about auditors? What do I need to study for that?,9,11,study_program,question,certain,"{'auditing, audacious, audible, auditorium, audio': 5.75, 'what do you': 8.25, 'how about suggestions': 7.75, 'studying and its contexts': 7.719, 'asking about kinds': 6.812, 'an independent audit': 5.875, 'need to': 5.844, 'that followed by common words': 5.094, 'what questions': 5.094}"
398,110,399,Kann ich mit einem Bachelor in bwl auch Steuerberaterin werden?,Can I become a tax advisor with a bachelor's degree in business administration?,10,13,study_program,question,certain,"{'tax and its financial aspects': 14.125, 'can i / can we questions': 11.625, 'academic fields and degrees': 9.5, ""master's degree or MSc degree"": 8.062, 'change of state or role': 7.688, 'become a profession or state': 6.844, 'business roles and people': 7.188, 'academic degrees and qualifications': 5.25, 'May I ask / speak / have': 4.656}"
399,111,400,Was soll man ch studieren,What should one study?,5,4,general,question,uncertain,"{'studying and its contexts': 8.125, 'what can happen': 7.156, 'advice for actions': 4, 'should I questions': 5.938, 'what to do': 4.531, 'assistant turn start': 4.438, ""one's own"": 3.625, ""one's, one another, one hand"": 3.219}"
400,111,401,Ich bin in allem gut . Ich will aber später einen Job haben bei dem man viel Geld verdient und mit Leuten in Kontakt treten kann und diese Wirtschaftlich beraten kann und am besten auch irgendwie es nett ist zu arbeiten,"I am good at everything. However, I want to have a job later where I can earn a lot of money, interact with people, provide them with economic advice, and ideally, it should also be a pleasant working environment.",41,39,matching,statement,certain,"{'economic concepts and data': 10.062, 'identifying aptitudes and skills': 9.875, 'Later': 9.5, 'lot of or lot to': 8.812, 'describing a job': 8.562, 'earning money or rewards': 8.438, 'advice, advice column': 7.938, 'Self-description after ""i am"" or ""i\'m""': 7.906, 'everything else': 7.906, 'however, followed by comma': 7.719}"
401,111,402,Es gibt ja viel Konkurrenz bei bwl . Suche mir etwas heraus was mich von anderen abhebt,There is a lot of competition in business administration. Find something that sets me apart from others.,17,17,matching,follow-up_request,certain,"{'lot of or lot to': 13.812, 'existence of things': 13.688, 'there is no': 11, 'a lot of': 10.188, 'sets apart or distinguishes': 9.75, 'from other, than its, to other': 9.062, 'apart from or out from': 8.812, 'business roles and people': 8.562, 'competitive landscape and advantages': 8.188, 'set followed by up, in, out, by': 7.688}"
402,111,403,Wo kann man gut Medizin studieren,Where can one study medicine well?,6,6,uni,question,certain,"{'where can i find or access': 6.812, 'studying and its contexts': 7.062, 'questions starting with how can': 6.25, 'medicine and medication': 5.469, 'assistant turn start': 5.344, 'well and associated phrases': 4.969, 'academic fields and degrees': 4.25, ""one's own"": 3.469, 'average tuition fees': 3.359}"
403,111,404,Wo verdient man am meisten Geld,Where do you earn the most money?,6,7,job,question,certain,"{'earning money or rewards': 5.594, 'where from or going': 7.5, 'ways to make money': 6.844, 'assistant turn start': 5.469, 'what do you': 5.125, 'where can i find or access': 4.656, 'questions starting with where': 4.562, 'highest, most, best, same': 4.281, 'make the most': 4.156}"
404,111,405,Was würdest du mir empfehlen,What would you recommend to me?,5,6,general,follow-up_question,certain,"{'what can happen': 7.688, 'would you like': 7.688, 'how would you questions': 7.156, 'recommendations': 6.5, 'what do you': 4.406, 'what would you like': 4.281, 'best way to do': 4.25, 'assistant turn start': 3.797, 'advice for actions': 3.656, 'verbs related to perception and action': 3.359}"
405,112,406,Wa ist ein toller Studiengang,Wa is a great field of study.,5,7,general,question,uncertain,"{'field NAME or extension': 7.219, 'great followed by noun': 4.438, 'areas of study, focus, or application': 6.562, 'studying and its contexts': 6.469, ""classification after 'a'"": 3.844, ""'is a' followed by description"": 5.188, 'Republic of Niger': 3.938}"
406,112,407,"Welche Richtung spricht dich am meisten an?

Technik & Naturwissenschaften? (z. B. KI, Robotik, Energie

Gibt es noch andere Richtungen","Which direction appeals to you the most?

Technology & Natural Sciences? (e.g. AI, robotics, energy)

Are there any other directions?",20,20,interests,question,certain,"{'examples': 11, 'Are you': 10.688, 'technologies and business concepts': 10.188, 'direction and its related terms': 9.938, 'energy efficiency and conservation': 9.938, 'e-commerce, e-books, e-mail': 9.5, 'technology transfer and industry': 9.25, 'natural beauty, resources, environment, world': 9.062, 'appeal and appealing': 8.812, 'robotics and automation': 8}"
407,112,408,?,"I'm sorry, but I need a text to translate. Please provide the German text you would like me to translate into English.",1,22,other,question,certain,"{""you'd like me to"": 12.188, 'you would like me to': 9.25, 'Self-description after ""i am"" or ""i\'m""': 8.312, 'apologies and excuses': 7.438, 'Please provide code or text': 7.219, 'requesting things': 7.125, ""I'm sorry, but"": 6.875, 'text-based interaction': 6.812, 'would like': 6.281, 'end of question or request': 6.281}"
408,112,409,Kann man auch in eine andere Richtung gehen,Can one also go in a different direction?,8,8,general,follow-up_question,certain,"{'go + prepositions': 9.625, 'direction and its related terms': 8, 'can i / can we questions': 7.438, 'user requests for action': 4.219, 'also introducing continuation': 5.875, 'a followed by situation or entity': 5.531, 'can you questions': 5.188, 'different [noun]': 5.125, 'different from or than': 4.375}"
409,112,410,Kann man auch was studieren wo man später auf dem meer ist,Is there something you can study that will allow you to be at sea later?,12,15,interests,follow-up_question,certain,"{'there a or there any': 11.562, 'Later': 10.562, 'studying and its contexts': 8.562, 'sea creatures and places': 7.938, 'at + state or location': 7.438, 'allow pronoun/object': 6.688, 'allows ... to': 6.625, 'something specific': 6.531, 'questions about existence or negation': 6.312, 'something else': 6.062}"
410,112,411,Kann man auch was studieren wo man später auf dem Meer arbeitet,Can you study something that allows you to work at sea later on?,12,13,job,follow-up_question,certain,"{'Later': 9.625, 'studying and its contexts': 9.125, 'sea creatures and places': 8.375, 'can i / can we questions': 7.438, 'user requests for action': 7.125, 'allow pronoun/object': 6.531, 'work in': 6.438, 'allows ... to': 5.375, 'can you questions': 5.219, 'describing or referring to something': 4.812}"
411,112,412,Gibt es noch andere Möglichkeiten ohne bau,Are there other options without construction?,7,6,matching,follow-up_question,certain,"{'construction project management': 11.938, 'there a or there any': 4.469, 'options followed by list introducers': 8.688, 'there are + quantifier': 7.5, 'indicating absence': 6.938, 'how does': 4, 'any X questions': 4.469}"
412,113,413,Duales Studium BWL im ÖPNV Sektor,Dual Study Program in Business Administration in the Public Transport Sector,6,11,study_program,request,certain,"{'public': 7.656, 'programmatic, programs': 7.062, 'Fachbereich Informatik Darmstadt': 4.844, 'academic fields and degrees': 6, 'studying and its contexts': 5.688, 'business roles and people': 5.375, 'degrees in statistics, engineering, technology': 5.094}"
413,113,414,Praxispartner bitte,Practice partner please.,2,3,job,follow-up_request,certain,"{'partnering with businesses': 9.188, 'please and foreign equivalents': 6.719, 'data structures and operations': 2.906, 'describes attributes or states': 2.5, 'what should': 2.141, 'headings followed by colons': 2.406, 'age, location, dating': 2.266, 'user requests': 2.219, 'job titles and roles': 2.203}"
414,114,415,Hey also ich bin i,"Hey, so I am i",5,5,other,statement,certain,"{'Self-description after ""i am"" or ""i\'m""': 10.812, 'so': 10.375, 'hey and common greetings': 10.062, 'words starting with i': 6.875, 'first-person statements': 5.312, 'hello world': 4.188, 'i followed by a verb': 3.875, 'i am [predicate]': 3.844, 'i followed by verb': 3.734, ""i'm followed by descriptions"": 3.438}"
415,114,416,Hallo ich bin jetzt in der 11. Klasse und nächstes Jahr mach ich mein Abitur und ich habe leider noch nicht so wirklich eine Ahnung was ich genau studieren will. Ich hatte letztes Schuljahr ein Praktikum in der Buchhaltung und das hat mit eigentlich sehr viel Spaß gemacht ich habe dort auch in den Ferien gearbeitet,"Hello, I am now in the 11th grade and next year I will take my Abitur, but unfortunately, I still don't really have a clear idea of what I want to study. Last school year, I did an internship in accounting, and I actually enjoyed it a lot. I also worked there during the holidays.",56,55,interests,statement,uncertain,"{""words starting with 'ab'"": 11.375, 'her GCSE exams': 9.125, 'expressing unavailability or regret': 10.312, 'in the location or state': 9.688, 'ordinal numbers followed by key nouns': 9.688, 'school and its environment': 9.625, 'in a state or situation': 9, 'exam and test': 8.875, 'last of, last name, last resort': 8.812}"
416,114,417,Ich würde gerne in Mannheim und Nähe Mannheim bleiben aber auch in Immobilien bin ich sehr interessiert,"I would like to stay in Mannheim and the surrounding area, but I am also very interested in real estate.",17,20,interests,statement,certain,"{'would like to': 9, 'expressing interest in': 10.625, 'real estate investor, agent, developer': 10.062, 'surrounding environment or area': 9.125, 'real estate and assets': 8.812, 'staying in places': 8.312, 'introducing a point': 8, 'want to do': 7.312, '""cann"" or ""ann"" related words': 7}"
417,114,418,Was ist Real Estate genau,What exactly is real estate?,5,5,general,question,certain,"{'real estate investor, agent, developer': 13.125, '""what is"" questions': 8.188, 'real estate and assets': 8.125, 'real estate, word, sugar, thing': 6.188, 'specifying exactly': 4.719, 'asking what something is': 3.609, 'what is questions': 3.406, 'what is a definition': 2.875, 'real estate rebate': 2.859, 'assistant turn start': 2.828}"
418,114,419,Bin ich dann auch so im Bau von den Häusern dabei,Am I also involved in the construction of the houses?,11,10,general,follow-up_question,certain,"{'construction project management': 11.562, 'role in processes': 8.5, 'house and its inhabitants': 7, 'feeling or state of being': 6.688, 'I followed by verb': 5.469, 'building settlements and cities': 5.375, 'also introducing continuation': 6.312, 'capability questions': 5.625}"
419,116,420,Hallo,Hello,1,1,other,statement,certain,"{'hello world': 1.344, 'instructions and questions': 0.41, 'how does': 0.357, 'learning phrases': 0.188, 'write a story or description': 0.163, 'item purchased, causes, language, mention': 0.11, 'how questions': 0.081, 'descriptive adjectives': 0.078, 'questions, instructions, or item descriptions': 0.061, 'end of turn assistant header': 0.057}"
420,116,421,Ich will passende ausbildungsplätze finden,I want to find suitable apprenticeship positions.,5,7,general,request,certain,"{'want to know': 10.625, 'want to do': 7.438, 'suitable for': 7.312, 'find specific items': 6.125, 'position of': 6.094, 'requests to find': 5.625, 'introducing a point': 5.375, 'apprenticed to a trade': 4.719, 'internship opportunities for students': 4.406}"
421,116,422,Denkst du dass der BWL studengang übersättigt ist?,Do you think that the business administration degree program is oversaturated?,8,11,study_program,question,uncertain,"{'business roles and people': 10.5, 'administration': 8.938, 'words starting with over': 8.562, 'asking what you are looking for': 8.375, 'degree of': 7.281, 'programmatic, programs': 7.094, '""the"" followed by nouns in questions': 6.656, 'business processes and intelligence': 5.344, 'the universe and observed concepts': 4.812, 'capability questions': 4.312}"
422,117,423,ich mache nach der 11klasse eines Gymnasium eine Ausbildung als kfz Mechaniker bei mercedes benz in der niederlassung in Mannheim. ich möchte von dir verschiedene Studiengänge an Hochschule bekommen mit denen ich mit einer Fachhochschulreife studieren kann,"After completing the 11th grade of a high school, I am starting an apprenticeship as a car mechanic at Mercedes-Benz in the branch in Mannheim. I would like you to provide me with various degree programs at universities that I can pursue with a higher education entrance qualification.",37,48,study_program,request,uncertain,"{'degree of': 10.25, 'ordinal numbers followed by key nouns': 10.25, 'completing tasks': 9, 'branch and its continuations': 8.688, 'task completion': 8.688, 'higher power, education, form': 8.375, 'the number 11': 8.375, 'would like to': 8.312, 'primary and secondary schools': 8.188, 'university of': 7.781}"
423,117,424,ich will mehr zum studiengang automobilwirtschaft automotive management erfahren. was kann ich nach her machen? was verdiene ich ? was mach ich im studium?,I want to learn more about the automotive management program. What can I do afterwards? What will I earn? What will I do during my studies?,24,26,study_program,follow-up_question,certain,"{'automotive industry parts components': 12.188, 'want to know': 10.625, 'more about': 7.938, 'programmatic, programs': 7.562, 'want to do': 7.438, 'what can do': 6.438, 'management systems and solutions': 6.438, 'management and its contexts': 5.906, 'events happening during periods': 5.688}"
424,117,425,wie schaut es mit rennsport und wie kann ich studium meine ausbildung und meine leidenschaft für rennsport kombinieren?,How can I combine motorsport with my studies and my passion for racing?,18,13,interests,question,certain,"{'questions starting with how can': 15, 'how can I do a task': 11.312, 'motor vehicle, motorcycle, motorway': 8.938, 'combining things': 8.875, 'passion and what follows': 8.875, 'passion for activities': 6.719, 'race, ethnicity, gender': 6.062, 'successful designer in Formula 1': 5.438, 'how can i use': 5.438, 'studying and its contexts': 5.219}"
425,118,426,Ich will in Richtung Automation und Problemlösung gehen Ziel ist es eine eigene firma zu gründen und durch tech Automationen Probleme Stress und Zeit von Unternehmen gegen Geld zu tauschen,"I want to move towards automation and problem-solving. The goal is to start my own company and exchange technology automation for money, alleviating problems, stress, and time for businesses.",30,29,interests,statement,certain,"{'moving and relocation': 12.562, 'problem solving': 11.812, 'automation and technology': 8.188, 'want to know': 10.625, 'stress and its consequences': 10.375, 'goal is to define': 10.125, 'exchange of goods, services, or information': 9.062, 'goal is to': 8.75, 'problem-solving skills': 8.625}"
426,118,427,Mit gefällt Wirtschaftsinformatik mit Schwerkraft Industrie 4.0 was gibt es dafür für kriterien,I like business informatics with a focus on Industry 4.0. What criteria are there for that?,13,16,study_program,question,certain,"{'business roles and people': 13.438, 'expressing liking': 9.688, 'industry standards and events': 9.688, 'criteria used': 8.812, 'informing you or others': 8.562, 'Industry 5.0': 7.969, 'how many are': 6.812, 'what [noun] does/did/is': 6.312, 'focus on': 5.969, 'providing information': 5.812}"
427,118,428,"Wie sieht es die Bewerbung aus, Zeugniss und so","What does the application look like, certificates and so on?",9,10,grades,follow-up_question,certain,"{'what does X mean or stand for': 4.75, 'application followed by terms like letter, fees, programming, development, json': 10.625, 'so followed by common phrases': 10.125, 'and so on': 8.438, 'certificate, certified, certifications': 8.25, 'questions starting with does': 7.906, 'look like or and feel': 7.25, 'assistant turn start': 5.375, '""the"" followed by nouns in questions': 4.688}"
428,118,429,Ich hab bis zum Ende vom Abi keine Informatik Kenntnisse wie sieht's damit aus geht das trotzdem klar,I don't have any computer science knowledge until the end of high school; how does that work out? Is it still okay?,18,22,grades,follow-up_question,uncertain,"{""don't"": 10.562, 'computer operations, virus, controlled, monitors, network, systems': 10.062, 'computer science and related fields': 8.625, 'is it okay usage': 8.562, 'questions starting with does': 8.5, '; followed by word': 8.25, 'have any or much': 7.344, 'end of, endearing, endowment, Endesa': 6.656, 'is it / is there / is the': 6.531, 'high word compounds': 6.312}"
429,1001,430,Wie heißt du?,What is your name?,3,4,other,question,certain,"{'""what is"" questions': 14.625, 'questions starting with your': 11.562, 'asking for name': 6.938, 'how does': 3.812, 'asking for specific details': 3.516, 'who are you?': 3.094, 'assistant turn start': 3.094, 'what is the': 2.875, 'questions about meaning and purpose': 2.859, 'my name is': 2.391}"
430,1001,431,Was machst du?,What are you doing?,3,4,other,question,certain,"{'questions starting with ""what are""': 16.625, 'what can do': 8.188, 'what do you': 4.781, 'how does': 4.25, 'questions about capabilities': 3.859, 'assistant turn start': 3.375, 'what something is doing or used for': 3.125, 'user prompts, questions': 3.031, 'asking for clarification': 2.906, 'is currently': 2.703}"
431,1001,432,Kann ich dir einen Namen geben?,Can I give you a name?,6,6,critical,question,certain,"{'can i / can we questions': 3.641, 'a [noun phrase]': 7.062, 'asking for name': 6.031, 'giving instructions or items': 5.75, 'asking for a list or example': 5.312, 'giving permission or credit': 5.219, 'May I ask / speak / have': 4.688, 'capability questions': 4.344, 'how can I do a task': 3.578}"
432,1001,433,Du heißt ab jetzt Tony!!!,"From now on, your name is Tony!!!",5,7,critical,statement,certain,"{'from now on': 4.594, 'from now on, since then': 5.688, 'asking for name': 4.906, 'my name is': 4.375, 'names of people': 4.281, 'your needs or projects': 4.094, 'ton, tonka, tonkatsu, tone': 4.094, 'your followed by role or task': 3.844}"
433,1001,434,Du heißt Tony,Your name is Tony.,3,4,critical,request,certain,"{'introduces named entities and their descriptions': 4.75, 'asking for name': 4.625, 'names of people': 4.094, 'ton, tonka, tonkatsu, tone': 3.703, 'was chosen or is actually': 3.297, 'my name is': 2.5, 'state of being described': 3.125, 'bobcat, bob der baumeister, bobina': 2.953, 'placeholder names like NAME_1': 2.484}"
434,1002,435,Kennst du Bayern?,Do you know Bavaria?,3,4,other,question,certain,"{'do you know': 11.75, 'av and lav words': 9.75, 'asking what you are looking for': 4.062, 'introduces next idea after question': 5.281, 'Munich Oktoberfest': 3.438, 'countries and nationalities': 4.438, 'you followed by verbs': 4.156, 'Chinese provinces': 3.391}"
435,1002,436,Gibt es dort auch Hochschulen?,Are there universities there as well?,5,6,uni,follow-up_question,certain,"{'there a or there any': 11, 'university of': 9.188, 'there are + quantifier': 7.5, 'well as': 7.406, 'there followed by punctuation': 6.625, 'capability questions': 5.219, 'as a descriptor or comparison': 4.406, 'as followed by a word': 4.031, 'how does': 4, 'as followed by adjective': 3.516}"
436,1002,437,Kannst du mir etwas über die Universität München erzählen?,Can you tell me something about the University of Munich?,9,10,uni,follow-up_question,certain,"{'university of locations': 14.75, 'university of': 11.688, 'tell you or tell me': 9.875, 'tell me X': 9.562, 'Munich Oktoberfest': 8.438, 'tell me about': 7.625, 'can i / can we questions': 7.438, 'describe or summarize topics': 7.25, 'user requests for action': 7.125}"
437,1003,438,Ich finde den studieren Gang digitale Medien interessant,I find the study program in digital media interesting.,8,9,study_program,statement,certain,"{'digital and associated terms': 13.75, 'finding things or states': 10.938, 'academic research study': 8.625, 'programmatic, programs': 7.281, 'interesting followed by noun': 7.25, 'studying and its contexts': 6.969, 'academic fields and degrees': 6.438, 'media files, outlets, and coverage': 6.156, 'found offensive': 5.406, 'degrees in statistics, engineering, technology': 4.719}"
438,1003,439,Wo kann ich das noch,Where can I still find that?,5,6,uni,follow-up_question,certain,"{'where can i find or access': 6.812, 'questions starting with how can': 6.25, 'how can I do a task': 5.281, 'find specific information': 5.25, 'traditional political american civilization': 5.219, 'assistant turn start': 4.938, 'that followed by common words': 4.594, 'this/that new noun': 4.438}"
439,1003,440,Und der Studien Gang digitale Medien dual,And the course of study in digital media dual.,7,9,study_program,follow-up_question,certain,"{'digital and associated terms': 12.062, 'academic research study': 8.625, 'programmatic, programs': 7.906, 'dual or twin relationships': 7.75, 'media files, outlets, and coverage': 5.688, 'Fachbereich Informatik Darmstadt': 4.281, 'And following specific structures': 4.75, 'studying and its contexts': 4.719, 'and followed by clause starters': 4.062}"
440,1004,441,Duales Studium im Bereich Wirtschaft/technik oder auch etwas Informatik machen,Dual study program in the field of business/technology or also something in computer science.,10,14,study_program,request,certain,"{'field of study': 8.5, 'Fachbereich Informatik Darmstadt': 6.062, 'computer vision, science, graphics': 7.938, 'something else': 7.406, 'academic fields and degrees': 6.438, 'business roles and people': 5.875}"
